ISO-10303-21;
HEADER;
/* Generated by software containing ST-Developer
 * from STEP Tools, Inc. (www.steptools.com) 
 */
/* OPTION: using custom renumber hook */

FILE_DESCRIPTION(
/* description */ ('STEP AP242 Edition 2',
'CAx-IF Rec.Pracs.---Representation and Presentation of Product Manufa
cturing Information (PMI)---4.0---2014-10-13',
'CAx-IF Rec.Pracs.---3D Tessellated Geometry---0.4---2014-09-14','2;1',
'CAx-IF Rec.Pracs.---User Defined Attributes---1.5---2016-08-15'),
/* implementation_level */ '2;1');

FILE_NAME(
/* name */ '6a4d7cb9d884283797d1dea2',
/* time_stamp */ '2026-07-07T22:24:57Z',
/* author */ (''),
/* organization */ (''),
/* preprocessor_version */ 'ST-DEVELOPER v20',
/* originating_system */ 'ONSHAPE BY PTC INC, 1.217',
/* authorisation */ '  ');

FILE_SCHEMA (('AP242_MANAGED_MODEL_BASED_3D_ENGINEERING_MIM_LF { 1 0 10303 442 3 1 4 }'));
ENDSEC;

DATA;
#10=ELLIPSE('',#3269,0.01016,0.00508);
#11=ELLIPSE('',#3271,0.01016,0.00508);
#12=ELLIPSE('',#3272,0.01016,0.00508);
#13=ELLIPSE('',#3274,0.01016,0.00508);
#14=CONTEXT_DEPENDENT_SHAPE_REPRESENTATION(#34,#5275);
#15=CONTEXT_DEPENDENT_SHAPE_REPRESENTATION(#35,#5277);
#16=CONTEXT_DEPENDENT_SHAPE_REPRESENTATION(#36,#5279);
#17=CONTEXT_DEPENDENT_SHAPE_REPRESENTATION(#37,#5281);
#18=CONTEXT_DEPENDENT_SHAPE_REPRESENTATION(#38,#5283);
#19=CONTEXT_DEPENDENT_SHAPE_REPRESENTATION(#39,#5285);
#20=CONTEXT_DEPENDENT_SHAPE_REPRESENTATION(#40,#5287);
#21=CONTEXT_DEPENDENT_SHAPE_REPRESENTATION(#41,#5289);
#22=CONTEXT_DEPENDENT_SHAPE_REPRESENTATION(#42,#5291);
#23=CONTEXT_DEPENDENT_SHAPE_REPRESENTATION(#43,#5293);
#24=NEXT_ASSEMBLY_USAGE_OCCURRENCE('NAUO1','Motor Shaft','Motor Shaft',
#5294,#5295,'');
#25=NEXT_ASSEMBLY_USAGE_OCCURRENCE('NAUO2','Part 1','Part 1',#5294,#5296,
'');
#26=NEXT_ASSEMBLY_USAGE_OCCURRENCE('NAUO3','Part 4','Part 4',#5294,#5297,
'');
#27=NEXT_ASSEMBLY_USAGE_OCCURRENCE('NAUO4','Chassis','Chassis',#5294,#5298,
'');
#28=NEXT_ASSEMBLY_USAGE_OCCURRENCE('NAUO5','Part 2','Part 2',#5294,#5299,
'');
#29=NEXT_ASSEMBLY_USAGE_OCCURRENCE('NAUO6','Motor Body','Motor Body',#5294,
#5300,'');
#30=NEXT_ASSEMBLY_USAGE_OCCURRENCE('NAUO7','Part 6','Part 6',#5294,#5301,
'');
#31=NEXT_ASSEMBLY_USAGE_OCCURRENCE('NAUO8','Part 3','Part 3',#5294,#5302,
'');
#32=NEXT_ASSEMBLY_USAGE_OCCURRENCE('NAUO9','Part 5','Part 5',#5294,#5303,
'');
#33=NEXT_ASSEMBLY_USAGE_OCCURRENCE('NAUO10','Step Motor Mount',
'Step Motor Mount',#5294,#5304,'');
#34=(
REPRESENTATION_RELATIONSHIP(' ',' ',#3230,#3229)
REPRESENTATION_RELATIONSHIP_WITH_TRANSFORMATION(#44)
SHAPE_REPRESENTATION_RELATIONSHIP()
);
#35=(
REPRESENTATION_RELATIONSHIP(' ',' ',#3231,#3229)
REPRESENTATION_RELATIONSHIP_WITH_TRANSFORMATION(#45)
SHAPE_REPRESENTATION_RELATIONSHIP()
);
#36=(
REPRESENTATION_RELATIONSHIP(' ',' ',#3232,#3229)
REPRESENTATION_RELATIONSHIP_WITH_TRANSFORMATION(#46)
SHAPE_REPRESENTATION_RELATIONSHIP()
);
#37=(
REPRESENTATION_RELATIONSHIP(' ',' ',#3233,#3229)
REPRESENTATION_RELATIONSHIP_WITH_TRANSFORMATION(#47)
SHAPE_REPRESENTATION_RELATIONSHIP()
);
#38=(
REPRESENTATION_RELATIONSHIP(' ',' ',#3234,#3229)
REPRESENTATION_RELATIONSHIP_WITH_TRANSFORMATION(#48)
SHAPE_REPRESENTATION_RELATIONSHIP()
);
#39=(
REPRESENTATION_RELATIONSHIP(' ',' ',#3235,#3229)
REPRESENTATION_RELATIONSHIP_WITH_TRANSFORMATION(#49)
SHAPE_REPRESENTATION_RELATIONSHIP()
);
#40=(
REPRESENTATION_RELATIONSHIP(' ',' ',#3236,#3229)
REPRESENTATION_RELATIONSHIP_WITH_TRANSFORMATION(#50)
SHAPE_REPRESENTATION_RELATIONSHIP()
);
#41=(
REPRESENTATION_RELATIONSHIP(' ',' ',#3237,#3229)
REPRESENTATION_RELATIONSHIP_WITH_TRANSFORMATION(#51)
SHAPE_REPRESENTATION_RELATIONSHIP()
);
#42=(
REPRESENTATION_RELATIONSHIP(' ',' ',#3238,#3229)
REPRESENTATION_RELATIONSHIP_WITH_TRANSFORMATION(#52)
SHAPE_REPRESENTATION_RELATIONSHIP()
);
#43=(
REPRESENTATION_RELATIONSHIP(' ',' ',#3239,#3229)
REPRESENTATION_RELATIONSHIP_WITH_TRANSFORMATION(#53)
SHAPE_REPRESENTATION_RELATIONSHIP()
);
#44=ITEM_DEFINED_TRANSFORMATION(' ',' ',#3240,#3253);
#45=ITEM_DEFINED_TRANSFORMATION(' ',' ',#3240,#3292);
#46=ITEM_DEFINED_TRANSFORMATION(' ',' ',#3240,#3302);
#47=ITEM_DEFINED_TRANSFORMATION(' ',' ',#3240,#3361);
#48=ITEM_DEFINED_TRANSFORMATION(' ',' ',#3240,#3367);
#49=ITEM_DEFINED_TRANSFORMATION(' ',' ',#3240,#3400);
#50=ITEM_DEFINED_TRANSFORMATION(' ',' ',#3240,#3413);
#51=ITEM_DEFINED_TRANSFORMATION(' ',' ',#3240,#3443);
#52=ITEM_DEFINED_TRANSFORMATION(' ',' ',#3240,#3456);
#53=ITEM_DEFINED_TRANSFORMATION(' ',' ',#3240,#3513);
#54=SHAPE_REPRESENTATION_RELATIONSHIP('','',#3230,#64);
#55=SHAPE_REPRESENTATION_RELATIONSHIP('','',#3231,#65);
#56=SHAPE_REPRESENTATION_RELATIONSHIP('','',#3232,#66);
#57=SHAPE_REPRESENTATION_RELATIONSHIP('','',#3233,#67);
#58=SHAPE_REPRESENTATION_RELATIONSHIP('','',#3234,#68);
#59=SHAPE_REPRESENTATION_RELATIONSHIP('','',#3235,#69);
#60=SHAPE_REPRESENTATION_RELATIONSHIP('','',#3236,#70);
#61=SHAPE_REPRESENTATION_RELATIONSHIP('','',#3237,#71);
#62=SHAPE_REPRESENTATION_RELATIONSHIP('','',#3238,#72);
#63=SHAPE_REPRESENTATION_RELATIONSHIP('','',#3239,#73);
#64=ADVANCED_BREP_SHAPE_REPRESENTATION('',(#3208),#5249);
#65=ADVANCED_BREP_SHAPE_REPRESENTATION('',(#3209),#5250);
#66=ADVANCED_BREP_SHAPE_REPRESENTATION('',(#3210),#5251);
#67=ADVANCED_BREP_SHAPE_REPRESENTATION('',(#3211),#5252);
#68=ADVANCED_BREP_SHAPE_REPRESENTATION('',(#3212),#5253);
#69=ADVANCED_BREP_SHAPE_REPRESENTATION('',(#3213),#5254);
#70=ADVANCED_BREP_SHAPE_REPRESENTATION('',(#3214),#5255);
#71=ADVANCED_BREP_SHAPE_REPRESENTATION('',(#3215),#5256);
#72=ADVANCED_BREP_SHAPE_REPRESENTATION('',(#3216),#5257);
#73=ADVANCED_BREP_SHAPE_REPRESENTATION('',(#3217),#5258);
#74=CYLINDRICAL_SURFACE('',#3244,0.0025);
#75=CYLINDRICAL_SURFACE('',#3254,0.0017);
#76=CYLINDRICAL_SURFACE('',#3261,0.0254);
#77=CYLINDRICAL_SURFACE('',#3268,0.00508);
#78=CYLINDRICAL_SURFACE('',#3276,0.0025);
#79=CYLINDRICAL_SURFACE('',#3279,0.0025);
#80=CYLINDRICAL_SURFACE('',#3289,0.001575);
#81=CYLINDRICAL_SURFACE('',#3301,0.0016);
#82=CYLINDRICAL_SURFACE('',#3321,0.08636);
#83=CYLINDRICAL_SURFACE('',#3339,0.08636);
#84=CYLINDRICAL_SURFACE('',#3341,0.0889);
#85=CYLINDRICAL_SURFACE('',#3343,0.08636);
#86=CYLINDRICAL_SURFACE('',#3357,0.00165);
#87=CYLINDRICAL_SURFACE('',#3358,0.00165);
#88=CYLINDRICAL_SURFACE('',#3359,0.00165);
#89=CYLINDRICAL_SURFACE('',#3360,0.00165);
#90=CYLINDRICAL_SURFACE('',#3362,0.00155);
#91=CYLINDRICAL_SURFACE('',#3368,0.002);
#92=CYLINDRICAL_SURFACE('',#3371,0.002);
#93=CYLINDRICAL_SURFACE('',#3376,0.014);
#94=CYLINDRICAL_SURFACE('',#3384,0.0035);
#95=CYLINDRICAL_SURFACE('',#3389,0.0035);
#96=CYLINDRICAL_SURFACE('',#3397,0.0045);
#97=CYLINDRICAL_SURFACE('',#3411,0.0016);
#98=CYLINDRICAL_SURFACE('',#3412,0.0016);
#99=CYLINDRICAL_SURFACE('',#3425,0.00165);
#100=CYLINDRICAL_SURFACE('',#3428,0.00165);
#101=CYLINDRICAL_SURFACE('',#3431,0.0035);
#102=CYLINDRICAL_SURFACE('',#3442,0.0016);
#103=CYLINDRICAL_SURFACE('',#3454,0.0016);
#104=CYLINDRICAL_SURFACE('',#3455,0.0016);
#105=CYLINDRICAL_SURFACE('',#3458,0.0145);
#106=CYLINDRICAL_SURFACE('',#3472,0.0035);
#107=CYLINDRICAL_SURFACE('',#3475,0.002);
#108=CYLINDRICAL_SURFACE('',#3483,0.002);
#109=CYLINDRICAL_SURFACE('',#3485,0.0035);
#110=CYLINDRICAL_SURFACE('',#3499,0.00165);
#111=CYLINDRICAL_SURFACE('',#3500,0.00165);
#112=CYLINDRICAL_SURFACE('',#3509,0.00165);
#113=CYLINDRICAL_SURFACE('',#3510,0.00165);
#114=LINE('',#4380,#427);
#115=LINE('',#4384,#428);
#116=LINE('',#4389,#429);
#117=LINE('',#4390,#430);
#118=LINE('',#4394,#431);
#119=LINE('',#4395,#432);
#120=LINE('',#4400,#433);
#121=LINE('',#4403,#434);
#122=LINE('',#4417,#435);
#123=LINE('',#4421,#436);
#124=LINE('',#4447,#437);
#125=LINE('',#4449,#438);
#126=LINE('',#4451,#439);
#127=LINE('',#4453,#440);
#128=LINE('',#4457,#441);
#129=LINE('',#4459,#442);
#130=LINE('',#4464,#443);
#131=LINE('',#4466,#444);
#132=LINE('',#4468,#445);
#133=LINE('',#4470,#446);
#134=LINE('',#4472,#447);
#135=LINE('',#4474,#448);
#136=LINE('',#4476,#449);
#137=LINE('',#4478,#450);
#138=LINE('',#4480,#451);
#139=LINE('',#4482,#452);
#140=LINE('',#4484,#453);
#141=LINE('',#4486,#454);
#142=LINE('',#4494,#455);
#143=LINE('',#4497,#456);
#144=LINE('',#4499,#457);
#145=LINE('',#4501,#458);
#146=LINE('',#4505,#459);
#147=LINE('',#4507,#460);
#148=LINE('',#4509,#461);
#149=LINE('',#4511,#462);
#150=LINE('',#4513,#463);
#151=LINE('',#4515,#464);
#152=LINE('',#4519,#465);
#153=LINE('',#4520,#466);
#154=LINE('',#4526,#467);
#155=LINE('',#4529,#468);
#156=LINE('',#4531,#469);
#157=LINE('',#4533,#470);
#158=LINE('',#4543,#471);
#159=LINE('',#4546,#472);
#160=LINE('',#4548,#473);
#161=LINE('',#4550,#474);
#162=LINE('',#4551,#475);
#163=LINE('',#4554,#476);
#164=LINE('',#4555,#477);
#165=LINE('',#4559,#478);
#166=LINE('',#4561,#479);
#167=LINE('',#4563,#480);
#168=LINE('',#4565,#481);
#169=LINE('',#4567,#482);
#170=LINE('',#4569,#483);
#171=LINE('',#4570,#484);
#172=LINE('',#4572,#485);
#173=LINE('',#4574,#486);
#174=LINE('',#4576,#487);
#175=LINE('',#4578,#488);
#176=LINE('',#4579,#489);
#177=LINE('',#4581,#490);
#178=LINE('',#4583,#491);
#179=LINE('',#4585,#492);
#180=LINE('',#4587,#493);
#181=LINE('',#4589,#494);
#182=LINE('',#4591,#495);
#183=LINE('',#4595,#496);
#184=LINE('',#4597,#497);
#185=LINE('',#4599,#498);
#186=LINE('',#4601,#499);
#187=LINE('',#4603,#500);
#188=LINE('',#4605,#501);
#189=LINE('',#4608,#502);
#190=LINE('',#4609,#503);
#191=LINE('',#4611,#504);
#192=LINE('',#4614,#505);
#193=LINE('',#4615,#506);
#194=LINE('',#4617,#507);
#195=LINE('',#4619,#508);
#196=LINE('',#4621,#509);
#197=LINE('',#4631,#510);
#198=LINE('',#4636,#511);
#199=LINE('',#4638,#512);
#200=LINE('',#4639,#513);
#201=LINE('',#4642,#514);
#202=LINE('',#4644,#515);
#203=LINE('',#4646,#516);
#204=LINE('',#4647,#517);
#205=LINE('',#4650,#518);
#206=LINE('',#4652,#519);
#207=LINE('',#4654,#520);
#208=LINE('',#4655,#521);
#209=LINE('',#4658,#522);
#210=LINE('',#4660,#523);
#211=LINE('',#4662,#524);
#212=LINE('',#4664,#525);
#213=LINE('',#4670,#526);
#214=LINE('',#4672,#527);
#215=LINE('',#4673,#528);
#216=LINE('',#4675,#529);
#217=LINE('',#4676,#530);
#218=LINE('',#4678,#531);
#219=LINE('',#4679,#532);
#220=LINE('',#4681,#533);
#221=LINE('',#4683,#534);
#222=LINE('',#4686,#535);
#223=LINE('',#4687,#536);
#224=LINE('',#4689,#537);
#225=LINE('',#4691,#538);
#226=LINE('',#4694,#539);
#227=LINE('',#4695,#540);
#228=LINE('',#4697,#541);
#229=LINE('',#4699,#542);
#230=LINE('',#4704,#543);
#231=LINE('',#4706,#544);
#232=LINE('',#4710,#545);
#233=LINE('',#4714,#546);
#234=LINE('',#4716,#547);
#235=LINE('',#4719,#548);
#236=LINE('',#4720,#549);
#237=LINE('',#4721,#550);
#238=LINE('',#4723,#551);
#239=LINE('',#4725,#552);
#240=LINE('',#4726,#553);
#241=LINE('',#4728,#554);
#242=LINE('',#4730,#555);
#243=LINE('',#4732,#556);
#244=LINE('',#4734,#557);
#245=LINE('',#4736,#558);
#246=LINE('',#4738,#559);
#247=LINE('',#4740,#560);
#248=LINE('',#4745,#561);
#249=LINE('',#4747,#562);
#250=LINE('',#4749,#563);
#251=LINE('',#4776,#564);
#252=LINE('',#4779,#565);
#253=LINE('',#4781,#566);
#254=LINE('',#4783,#567);
#255=LINE('',#4785,#568);
#256=LINE('',#4788,#569);
#257=LINE('',#4790,#570);
#258=LINE('',#4792,#571);
#259=LINE('',#4798,#572);
#260=LINE('',#4802,#573);
#261=LINE('',#4806,#574);
#262=LINE('',#4810,#575);
#263=LINE('',#4812,#576);
#264=LINE('',#4814,#577);
#265=LINE('',#4818,#578);
#266=LINE('',#4822,#579);
#267=LINE('',#4823,#580);
#268=LINE('',#4825,#581);
#269=LINE('',#4827,#582);
#270=LINE('',#4829,#583);
#271=LINE('',#4847,#584);
#272=LINE('',#4850,#585);
#273=LINE('',#4852,#586);
#274=LINE('',#4854,#587);
#275=LINE('',#4858,#588);
#276=LINE('',#4861,#589);
#277=LINE('',#4863,#590);
#278=LINE('',#4865,#591);
#279=LINE('',#4871,#592);
#280=LINE('',#4872,#593);
#281=LINE('',#4874,#594);
#282=LINE('',#4876,#595);
#283=LINE('',#4882,#596);
#284=LINE('',#4885,#597);
#285=LINE('',#4887,#598);
#286=LINE('',#4889,#599);
#287=LINE('',#4891,#600);
#288=LINE('',#4894,#601);
#289=LINE('',#4896,#602);
#290=LINE('',#4898,#603);
#291=LINE('',#4903,#604);
#292=LINE('',#4907,#605);
#293=LINE('',#4908,#606);
#294=LINE('',#4911,#607);
#295=LINE('',#4915,#608);
#296=LINE('',#4919,#609);
#297=LINE('',#4921,#610);
#298=LINE('',#4923,#611);
#299=LINE('',#4925,#612);
#300=LINE('',#4926,#613);
#301=LINE('',#4927,#614);
#302=LINE('',#4929,#615);
#303=LINE('',#4931,#616);
#304=LINE('',#4933,#617);
#305=LINE('',#4935,#618);
#306=LINE('',#4937,#619);
#307=LINE('',#4939,#620);
#308=LINE('',#4941,#621);
#309=LINE('',#4943,#622);
#310=LINE('',#4947,#623);
#311=LINE('',#4949,#624);
#312=LINE('',#4951,#625);
#313=LINE('',#4952,#626);
#314=LINE('',#4953,#627);
#315=LINE('',#4955,#628);
#316=LINE('',#4957,#629);
#317=LINE('',#4959,#630);
#318=LINE('',#4960,#631);
#319=LINE('',#4962,#632);
#320=LINE('',#4964,#633);
#321=LINE('',#4968,#634);
#322=LINE('',#4970,#635);
#323=LINE('',#4972,#636);
#324=LINE('',#4974,#637);
#325=LINE('',#4978,#638);
#326=LINE('',#4983,#639);
#327=LINE('',#4986,#640);
#328=LINE('',#4988,#641);
#329=LINE('',#4991,#642);
#330=LINE('',#4993,#643);
#331=LINE('',#5000,#644);
#332=LINE('',#5003,#645);
#333=LINE('',#5005,#646);
#334=LINE('',#5007,#647);
#335=LINE('',#5011,#648);
#336=LINE('',#5014,#649);
#337=LINE('',#5016,#650);
#338=LINE('',#5018,#651);
#339=LINE('',#5024,#652);
#340=LINE('',#5025,#653);
#341=LINE('',#5027,#654);
#342=LINE('',#5029,#655);
#343=LINE('',#5035,#656);
#344=LINE('',#5038,#657);
#345=LINE('',#5040,#658);
#346=LINE('',#5042,#659);
#347=LINE('',#5044,#660);
#348=LINE('',#5046,#661);
#349=LINE('',#5051,#662);
#350=LINE('',#5055,#663);
#351=LINE('',#5057,#664);
#352=LINE('',#5060,#665);
#353=LINE('',#5062,#666);
#354=LINE('',#5064,#667);
#355=LINE('',#5066,#668);
#356=LINE('',#5068,#669);
#357=LINE('',#5070,#670);
#358=LINE('',#5072,#671);
#359=LINE('',#5074,#672);
#360=LINE('',#5076,#673);
#361=LINE('',#5078,#674);
#362=LINE('',#5080,#675);
#363=LINE('',#5082,#676);
#364=LINE('',#5084,#677);
#365=LINE('',#5086,#678);
#366=LINE('',#5089,#679);
#367=LINE('',#5091,#680);
#368=LINE('',#5092,#681);
#369=LINE('',#5094,#682);
#370=LINE('',#5096,#683);
#371=LINE('',#5098,#684);
#372=LINE('',#5100,#685);
#373=LINE('',#5102,#686);
#374=LINE('',#5104,#687);
#375=LINE('',#5107,#688);
#376=LINE('',#5109,#689);
#377=LINE('',#5111,#690);
#378=LINE('',#5113,#691);
#379=LINE('',#5115,#692);
#380=LINE('',#5117,#693);
#381=LINE('',#5119,#694);
#382=LINE('',#5121,#695);
#383=LINE('',#5123,#696);
#384=LINE('',#5133,#697);
#385=LINE('',#5134,#698);
#386=LINE('',#5136,#699);
#387=LINE('',#5137,#700);
#388=LINE('',#5139,#701);
#389=LINE('',#5141,#702);
#390=LINE('',#5143,#703);
#391=LINE('',#5145,#704);
#392=LINE('',#5147,#705);
#393=LINE('',#5149,#706);
#394=LINE('',#5150,#707);
#395=LINE('',#5152,#708);
#396=LINE('',#5154,#709);
#397=LINE('',#5156,#710);
#398=LINE('',#5166,#711);
#399=LINE('',#5168,#712);
#400=LINE('',#5170,#713);
#401=LINE('',#5171,#714);
#402=LINE('',#5173,#715);
#403=LINE('',#5175,#716);
#404=LINE('',#5177,#717);
#405=LINE('',#5179,#718);
#406=LINE('',#5180,#719);
#407=LINE('',#5182,#720);
#408=LINE('',#5184,#721);
#409=LINE('',#5185,#722);
#410=LINE('',#5186,#723);
#411=LINE('',#5196,#724);
#412=LINE('',#5198,#725);
#413=LINE('',#5199,#726);
#414=LINE('',#5201,#727);
#415=LINE('',#5205,#728);
#416=LINE('',#5207,#729);
#417=LINE('',#5211,#730);
#418=LINE('',#5216,#731);
#419=LINE('',#5218,#732);
#420=LINE('',#5220,#733);
#421=LINE('',#5227,#734);
#422=LINE('',#5229,#735);
#423=LINE('',#5231,#736);
#424=LINE('',#5236,#737);
#425=LINE('',#5238,#738);
#426=LINE('',#5240,#739);
#427=VECTOR('',#3520,1.);
#428=VECTOR('',#3523,1.);
#429=VECTOR('',#3528,1.);
#430=VECTOR('',#3529,1.);
#431=VECTOR('',#3532,1.);
#432=VECTOR('',#3533,1.);
#433=VECTOR('',#3540,1.);
#434=VECTOR('',#3545,1.);
#435=VECTOR('',#3562,1.);
#436=VECTOR('',#3565,1.);
#437=VECTOR('',#3596,1.);
#438=VECTOR('',#3597,1.);
#439=VECTOR('',#3598,1.);
#440=VECTOR('',#3601,1.);
#441=VECTOR('',#3606,1.);
#442=VECTOR('',#3607,1.);
#443=VECTOR('',#3616,1.);
#444=VECTOR('',#3617,1.);
#445=VECTOR('',#3618,1.);
#446=VECTOR('',#3621,1.);
#447=VECTOR('',#3622,1.);
#448=VECTOR('',#3625,1.);
#449=VECTOR('',#3626,1.);
#450=VECTOR('',#3629,1.);
#451=VECTOR('',#3630,1.);
#452=VECTOR('',#3633,1.);
#453=VECTOR('',#3634,1.);
#454=VECTOR('',#3637,1.);
#455=VECTOR('',#3650,1.);
#456=VECTOR('',#3651,1.);
#457=VECTOR('',#3652,1.);
#458=VECTOR('',#3653,1.);
#459=VECTOR('',#3658,1.);
#460=VECTOR('',#3659,1.);
#461=VECTOR('',#3660,1.);
#462=VECTOR('',#3663,1.);
#463=VECTOR('',#3664,1.);
#464=VECTOR('',#3665,1.);
#465=VECTOR('',#3670,1.);
#466=VECTOR('',#3671,1.);
#467=VECTOR('',#3682,1.);
#468=VECTOR('',#3683,1.);
#469=VECTOR('',#3684,1.);
#470=VECTOR('',#3685,1.);
#471=VECTOR('',#3696,1.);
#472=VECTOR('',#3697,1.);
#473=VECTOR('',#3698,1.);
#474=VECTOR('',#3699,1.);
#475=VECTOR('',#3700,1.);
#476=VECTOR('',#3701,1.);
#477=VECTOR('',#3702,1.);
#478=VECTOR('',#3705,1.);
#479=VECTOR('',#3706,1.);
#480=VECTOR('',#3707,1.);
#481=VECTOR('',#3708,1.);
#482=VECTOR('',#3709,1.);
#483=VECTOR('',#3710,1.);
#484=VECTOR('',#3711,1.);
#485=VECTOR('',#3712,1.);
#486=VECTOR('',#3713,1.);
#487=VECTOR('',#3714,1.);
#488=VECTOR('',#3715,1.);
#489=VECTOR('',#3716,1.);
#490=VECTOR('',#3717,1.);
#491=VECTOR('',#3718,1.);
#492=VECTOR('',#3719,1.);
#493=VECTOR('',#3720,1.);
#494=VECTOR('',#3721,1.);
#495=VECTOR('',#3722,1.);
#496=VECTOR('',#3725,1.);
#497=VECTOR('',#3728,1.);
#498=VECTOR('',#3729,1.);
#499=VECTOR('',#3730,1.);
#500=VECTOR('',#3731,1.);
#501=VECTOR('',#3734,1.);
#502=VECTOR('',#3735,1.);
#503=VECTOR('',#3736,1.);
#504=VECTOR('',#3739,1.);
#505=VECTOR('',#3740,1.);
#506=VECTOR('',#3741,1.);
#507=VECTOR('',#3744,1.);
#508=VECTOR('',#3745,1.);
#509=VECTOR('',#3746,1.);
#510=VECTOR('',#3757,1.);
#511=VECTOR('',#3760,1.);
#512=VECTOR('',#3761,1.);
#513=VECTOR('',#3762,1.);
#514=VECTOR('',#3763,1.);
#515=VECTOR('',#3764,1.);
#516=VECTOR('',#3765,1.);
#517=VECTOR('',#3766,1.);
#518=VECTOR('',#3767,1.);
#519=VECTOR('',#3768,1.);
#520=VECTOR('',#3769,1.);
#521=VECTOR('',#3770,1.);
#522=VECTOR('',#3771,1.);
#523=VECTOR('',#3772,1.);
#524=VECTOR('',#3773,1.);
#525=VECTOR('',#3776,1.);
#526=VECTOR('',#3783,1.);
#527=VECTOR('',#3786,1.);
#528=VECTOR('',#3787,1.);
#529=VECTOR('',#3790,1.);
#530=VECTOR('',#3791,1.);
#531=VECTOR('',#3794,1.);
#532=VECTOR('',#3795,1.);
#533=VECTOR('',#3798,1.);
#534=VECTOR('',#3801,1.);
#535=VECTOR('',#3806,1.);
#536=VECTOR('',#3807,1.);
#537=VECTOR('',#3810,1.);
#538=VECTOR('',#3813,1.);
#539=VECTOR('',#3818,1.);
#540=VECTOR('',#3819,1.);
#541=VECTOR('',#3822,1.);
#542=VECTOR('',#3825,1.);
#543=VECTOR('',#3832,1.);
#544=VECTOR('',#3835,1.);
#545=VECTOR('',#3838,1.);
#546=VECTOR('',#3843,1.);
#547=VECTOR('',#3846,1.);
#548=VECTOR('',#3847,1.);
#549=VECTOR('',#3848,1.);
#550=VECTOR('',#3849,1.);
#551=VECTOR('',#3850,1.);
#552=VECTOR('',#3851,1.);
#553=VECTOR('',#3852,1.);
#554=VECTOR('',#3855,1.);
#555=VECTOR('',#3856,1.);
#556=VECTOR('',#3857,1.);
#557=VECTOR('',#3860,1.);
#558=VECTOR('',#3861,1.);
#559=VECTOR('',#3862,1.);
#560=VECTOR('',#3865,1.);
#561=VECTOR('',#3874,1.);
#562=VECTOR('',#3877,1.);
#563=VECTOR('',#3880,1.);
#564=VECTOR('',#3921,1.);
#565=VECTOR('',#3922,1.);
#566=VECTOR('',#3923,1.);
#567=VECTOR('',#3924,1.);
#568=VECTOR('',#3927,1.);
#569=VECTOR('',#3928,1.);
#570=VECTOR('',#3929,1.);
#571=VECTOR('',#3930,1.);
#572=VECTOR('',#3939,1.);
#573=VECTOR('',#3942,1.);
#574=VECTOR('',#3945,1.);
#575=VECTOR('',#3950,1.);
#576=VECTOR('',#3951,1.);
#577=VECTOR('',#3952,1.);
#578=VECTOR('',#3957,1.);
#579=VECTOR('',#3962,1.);
#580=VECTOR('',#3963,1.);
#581=VECTOR('',#3966,1.);
#582=VECTOR('',#3967,1.);
#583=VECTOR('',#3968,1.);
#584=VECTOR('',#3997,1.);
#585=VECTOR('',#3998,1.);
#586=VECTOR('',#3999,1.);
#587=VECTOR('',#4000,1.);
#588=VECTOR('',#4005,1.);
#589=VECTOR('',#4006,1.);
#590=VECTOR('',#4007,1.);
#591=VECTOR('',#4008,1.);
#592=VECTOR('',#4015,1.);
#593=VECTOR('',#4016,1.);
#594=VECTOR('',#4019,1.);
#595=VECTOR('',#4022,1.);
#596=VECTOR('',#4033,1.);
#597=VECTOR('',#4034,1.);
#598=VECTOR('',#4035,1.);
#599=VECTOR('',#4036,1.);
#600=VECTOR('',#4039,1.);
#601=VECTOR('',#4040,1.);
#602=VECTOR('',#4041,1.);
#603=VECTOR('',#4042,1.);
#604=VECTOR('',#4047,1.);
#605=VECTOR('',#4050,1.);
#606=VECTOR('',#4051,1.);
#607=VECTOR('',#4052,1.);
#608=VECTOR('',#4055,1.);
#609=VECTOR('',#4060,1.);
#610=VECTOR('',#4061,1.);
#611=VECTOR('',#4062,1.);
#612=VECTOR('',#4063,1.);
#613=VECTOR('',#4064,1.);
#614=VECTOR('',#4065,1.);
#615=VECTOR('',#4066,1.);
#616=VECTOR('',#4067,1.);
#617=VECTOR('',#4068,1.);
#618=VECTOR('',#4069,1.);
#619=VECTOR('',#4070,1.);
#620=VECTOR('',#4073,1.);
#621=VECTOR('',#4074,1.);
#622=VECTOR('',#4075,1.);
#623=VECTOR('',#4080,1.);
#624=VECTOR('',#4081,1.);
#625=VECTOR('',#4082,1.);
#626=VECTOR('',#4083,1.);
#627=VECTOR('',#4084,1.);
#628=VECTOR('',#4085,1.);
#629=VECTOR('',#4086,1.);
#630=VECTOR('',#4087,1.);
#631=VECTOR('',#4088,1.);
#632=VECTOR('',#4089,1.);
#633=VECTOR('',#4092,1.);
#634=VECTOR('',#4095,1.);
#635=VECTOR('',#4098,1.);
#636=VECTOR('',#4099,1.);
#637=VECTOR('',#4102,1.);
#638=VECTOR('',#4107,1.);
#639=VECTOR('',#4116,1.);
#640=VECTOR('',#4121,1.);
#641=VECTOR('',#4124,1.);
#642=VECTOR('',#4129,1.);
#643=VECTOR('',#4132,1.);
#644=VECTOR('',#4143,1.);
#645=VECTOR('',#4144,1.);
#646=VECTOR('',#4145,1.);
#647=VECTOR('',#4146,1.);
#648=VECTOR('',#4151,1.);
#649=VECTOR('',#4152,1.);
#650=VECTOR('',#4153,1.);
#651=VECTOR('',#4154,1.);
#652=VECTOR('',#4161,1.);
#653=VECTOR('',#4162,1.);
#654=VECTOR('',#4165,1.);
#655=VECTOR('',#4168,1.);
#656=VECTOR('',#4179,1.);
#657=VECTOR('',#4180,1.);
#658=VECTOR('',#4181,1.);
#659=VECTOR('',#4182,1.);
#660=VECTOR('',#4183,1.);
#661=VECTOR('',#4184,1.);
#662=VECTOR('',#4189,1.);
#663=VECTOR('',#4192,1.);
#664=VECTOR('',#4195,1.);
#665=VECTOR('',#4196,1.);
#666=VECTOR('',#4197,1.);
#667=VECTOR('',#4198,1.);
#668=VECTOR('',#4199,1.);
#669=VECTOR('',#4200,1.);
#670=VECTOR('',#4201,1.);
#671=VECTOR('',#4202,1.);
#672=VECTOR('',#4203,1.);
#673=VECTOR('',#4204,1.);
#674=VECTOR('',#4205,1.);
#675=VECTOR('',#4206,1.);
#676=VECTOR('',#4207,1.);
#677=VECTOR('',#4208,1.);
#678=VECTOR('',#4211,1.);
#679=VECTOR('',#4212,1.);
#680=VECTOR('',#4213,1.);
#681=VECTOR('',#4214,1.);
#682=VECTOR('',#4215,1.);
#683=VECTOR('',#4216,1.);
#684=VECTOR('',#4219,1.);
#685=VECTOR('',#4220,1.);
#686=VECTOR('',#4221,1.);
#687=VECTOR('',#4224,1.);
#688=VECTOR('',#4225,1.);
#689=VECTOR('',#4226,1.);
#690=VECTOR('',#4227,1.);
#691=VECTOR('',#4230,1.);
#692=VECTOR('',#4231,1.);
#693=VECTOR('',#4232,1.);
#694=VECTOR('',#4235,1.);
#695=VECTOR('',#4236,1.);
#696=VECTOR('',#4237,1.);
#697=VECTOR('',#4248,1.);
#698=VECTOR('',#4249,1.);
#699=VECTOR('',#4250,1.);
#700=VECTOR('',#4251,1.);
#701=VECTOR('',#4252,1.);
#702=VECTOR('',#4253,1.);
#703=VECTOR('',#4254,1.);
#704=VECTOR('',#4255,1.);
#705=VECTOR('',#4256,1.);
#706=VECTOR('',#4257,1.);
#707=VECTOR('',#4258,1.);
#708=VECTOR('',#4259,1.);
#709=VECTOR('',#4260,1.);
#710=VECTOR('',#4261,1.);
#711=VECTOR('',#4276,1.);
#712=VECTOR('',#4277,1.);
#713=VECTOR('',#4278,1.);
#714=VECTOR('',#4279,1.);
#715=VECTOR('',#4282,1.);
#716=VECTOR('',#4283,1.);
#717=VECTOR('',#4284,1.);
#718=VECTOR('',#4285,1.);
#719=VECTOR('',#4286,1.);
#720=VECTOR('',#4287,1.);
#721=VECTOR('',#4290,1.);
#722=VECTOR('',#4291,1.);
#723=VECTOR('',#4292,1.);
#724=VECTOR('',#4307,1.);
#725=VECTOR('',#4308,1.);
#726=VECTOR('',#4309,1.);
#727=VECTOR('',#4312,1.);
#728=VECTOR('',#4319,1.);
#729=VECTOR('',#4320,1.);
#730=VECTOR('',#4325,1.);
#731=VECTOR('',#4332,1.);
#732=VECTOR('',#4333,1.);
#733=VECTOR('',#4336,1.);
#734=VECTOR('',#4347,1.);
#735=VECTOR('',#4348,1.);
#736=VECTOR('',#4351,1.);
#737=VECTOR('',#4358,1.);
#738=VECTOR('',#4359,1.);
#739=VECTOR('',#4362,1.);
#740=ORIENTED_EDGE('',*,*,#1552,.T.);
#741=ORIENTED_EDGE('',*,*,#1553,.T.);
#742=ORIENTED_EDGE('',*,*,#1554,.T.);
#743=ORIENTED_EDGE('',*,*,#1555,.F.);
#744=ORIENTED_EDGE('',*,*,#1556,.F.);
#745=ORIENTED_EDGE('',*,*,#1557,.T.);
#746=ORIENTED_EDGE('',*,*,#1552,.F.);
#747=ORIENTED_EDGE('',*,*,#1558,.F.);
#748=ORIENTED_EDGE('',*,*,#1559,.F.);
#749=ORIENTED_EDGE('',*,*,#1560,.T.);
#750=ORIENTED_EDGE('',*,*,#1554,.F.);
#751=ORIENTED_EDGE('',*,*,#1561,.F.);
#752=ORIENTED_EDGE('',*,*,#1562,.T.);
#753=ORIENTED_EDGE('',*,*,#1562,.F.);
#754=ORIENTED_EDGE('',*,*,#1555,.T.);
#755=ORIENTED_EDGE('',*,*,#1560,.F.);
#756=ORIENTED_EDGE('',*,*,#1563,.F.);
#757=ORIENTED_EDGE('',*,*,#1558,.T.);
#758=ORIENTED_EDGE('',*,*,#1559,.T.);
#759=ORIENTED_EDGE('',*,*,#1563,.T.);
#760=ORIENTED_EDGE('',*,*,#1553,.F.);
#761=ORIENTED_EDGE('',*,*,#1557,.F.);
#762=ORIENTED_EDGE('',*,*,#1564,.T.);
#763=ORIENTED_EDGE('',*,*,#1561,.T.);
#764=ORIENTED_EDGE('',*,*,#1564,.F.);
#765=ORIENTED_EDGE('',*,*,#1556,.T.);
#766=ORIENTED_EDGE('',*,*,#1565,.T.);
#767=ORIENTED_EDGE('',*,*,#1566,.T.);
#768=ORIENTED_EDGE('',*,*,#1567,.T.);
#769=ORIENTED_EDGE('',*,*,#1568,.F.);
#770=ORIENTED_EDGE('',*,*,#1569,.T.);
#771=ORIENTED_EDGE('',*,*,#1570,.F.);
#772=ORIENTED_EDGE('',*,*,#1571,.F.);
#773=ORIENTED_EDGE('',*,*,#1572,.F.);
#774=ORIENTED_EDGE('',*,*,#1573,.T.);
#775=ORIENTED_EDGE('',*,*,#1574,.F.);
#776=ORIENTED_EDGE('',*,*,#1572,.T.);
#777=ORIENTED_EDGE('',*,*,#1575,.F.);
#778=ORIENTED_EDGE('',*,*,#1573,.F.);
#779=ORIENTED_EDGE('',*,*,#1576,.T.);
#780=ORIENTED_EDGE('',*,*,#1577,.T.);
#781=ORIENTED_EDGE('',*,*,#1578,.T.);
#782=ORIENTED_EDGE('',*,*,#1579,.T.);
#783=ORIENTED_EDGE('',*,*,#1580,.T.);
#784=ORIENTED_EDGE('',*,*,#1581,.T.);
#785=ORIENTED_EDGE('',*,*,#1567,.F.);
#786=ORIENTED_EDGE('',*,*,#1575,.T.);
#787=ORIENTED_EDGE('',*,*,#1565,.F.);
#788=ORIENTED_EDGE('',*,*,#1569,.F.);
#789=ORIENTED_EDGE('',*,*,#1582,.F.);
#790=ORIENTED_EDGE('',*,*,#1583,.T.);
#791=ORIENTED_EDGE('',*,*,#1584,.T.);
#792=ORIENTED_EDGE('',*,*,#1568,.T.);
#793=ORIENTED_EDGE('',*,*,#1585,.F.);
#794=ORIENTED_EDGE('',*,*,#1586,.F.);
#795=ORIENTED_EDGE('',*,*,#1582,.T.);
#796=ORIENTED_EDGE('',*,*,#1571,.T.);
#797=ORIENTED_EDGE('',*,*,#1587,.F.);
#798=ORIENTED_EDGE('',*,*,#1588,.F.);
#799=ORIENTED_EDGE('',*,*,#1585,.T.);
#800=ORIENTED_EDGE('',*,*,#1570,.T.);
#801=ORIENTED_EDGE('',*,*,#1584,.F.);
#802=ORIENTED_EDGE('',*,*,#1589,.F.);
#803=ORIENTED_EDGE('',*,*,#1587,.T.);
#804=ORIENTED_EDGE('',*,*,#1583,.F.);
#805=ORIENTED_EDGE('',*,*,#1586,.T.);
#806=ORIENTED_EDGE('',*,*,#1588,.T.);
#807=ORIENTED_EDGE('',*,*,#1589,.T.);
#808=ORIENTED_EDGE('',*,*,#1590,.F.);
#809=ORIENTED_EDGE('',*,*,#1591,.F.);
#810=ORIENTED_EDGE('',*,*,#1592,.T.);
#811=ORIENTED_EDGE('',*,*,#1578,.F.);
#812=ORIENTED_EDGE('',*,*,#1593,.F.);
#813=ORIENTED_EDGE('',*,*,#1594,.F.);
#814=ORIENTED_EDGE('',*,*,#1590,.T.);
#815=ORIENTED_EDGE('',*,*,#1577,.F.);
#816=ORIENTED_EDGE('',*,*,#1595,.F.);
#817=ORIENTED_EDGE('',*,*,#1596,.F.);
#818=ORIENTED_EDGE('',*,*,#1593,.T.);
#819=ORIENTED_EDGE('',*,*,#1576,.F.);
#820=ORIENTED_EDGE('',*,*,#1597,.F.);
#821=ORIENTED_EDGE('',*,*,#1598,.F.);
#822=ORIENTED_EDGE('',*,*,#1595,.T.);
#823=ORIENTED_EDGE('',*,*,#1581,.F.);
#824=ORIENTED_EDGE('',*,*,#1599,.F.);
#825=ORIENTED_EDGE('',*,*,#1600,.F.);
#826=ORIENTED_EDGE('',*,*,#1597,.T.);
#827=ORIENTED_EDGE('',*,*,#1580,.F.);
#828=ORIENTED_EDGE('',*,*,#1592,.F.);
#829=ORIENTED_EDGE('',*,*,#1601,.F.);
#830=ORIENTED_EDGE('',*,*,#1599,.T.);
#831=ORIENTED_EDGE('',*,*,#1579,.F.);
#832=ORIENTED_EDGE('',*,*,#1566,.F.);
#833=ORIENTED_EDGE('',*,*,#1591,.T.);
#834=ORIENTED_EDGE('',*,*,#1594,.T.);
#835=ORIENTED_EDGE('',*,*,#1596,.T.);
#836=ORIENTED_EDGE('',*,*,#1598,.T.);
#837=ORIENTED_EDGE('',*,*,#1600,.T.);
#838=ORIENTED_EDGE('',*,*,#1601,.T.);
#839=ORIENTED_EDGE('',*,*,#1602,.F.);
#840=ORIENTED_EDGE('',*,*,#1574,.T.);
#841=ORIENTED_EDGE('',*,*,#1602,.T.);
#842=ORIENTED_EDGE('',*,*,#1603,.T.);
#843=ORIENTED_EDGE('',*,*,#1604,.F.);
#844=ORIENTED_EDGE('',*,*,#1605,.F.);
#845=ORIENTED_EDGE('',*,*,#1606,.T.);
#846=ORIENTED_EDGE('',*,*,#1607,.F.);
#847=ORIENTED_EDGE('',*,*,#1608,.T.);
#848=ORIENTED_EDGE('',*,*,#1609,.F.);
#849=ORIENTED_EDGE('',*,*,#1610,.F.);
#850=ORIENTED_EDGE('',*,*,#1604,.T.);
#851=ORIENTED_EDGE('',*,*,#1611,.T.);
#852=ORIENTED_EDGE('',*,*,#1612,.F.);
#853=ORIENTED_EDGE('',*,*,#1613,.F.);
#854=ORIENTED_EDGE('',*,*,#1609,.T.);
#855=ORIENTED_EDGE('',*,*,#1614,.T.);
#856=ORIENTED_EDGE('',*,*,#1615,.F.);
#857=ORIENTED_EDGE('',*,*,#1606,.F.);
#858=ORIENTED_EDGE('',*,*,#1616,.T.);
#859=ORIENTED_EDGE('',*,*,#1612,.T.);
#860=ORIENTED_EDGE('',*,*,#1605,.T.);
#861=ORIENTED_EDGE('',*,*,#1610,.T.);
#862=ORIENTED_EDGE('',*,*,#1613,.T.);
#863=ORIENTED_EDGE('',*,*,#1616,.F.);
#864=ORIENTED_EDGE('',*,*,#1603,.F.);
#865=ORIENTED_EDGE('',*,*,#1615,.T.);
#866=ORIENTED_EDGE('',*,*,#1611,.F.);
#867=ORIENTED_EDGE('',*,*,#1608,.F.);
#868=ORIENTED_EDGE('',*,*,#1614,.F.);
#869=ORIENTED_EDGE('',*,*,#1607,.T.);
#870=ORIENTED_EDGE('',*,*,#1617,.F.);
#871=ORIENTED_EDGE('',*,*,#1618,.T.);
#872=ORIENTED_EDGE('',*,*,#1619,.F.);
#873=ORIENTED_EDGE('',*,*,#1620,.T.);
#874=ORIENTED_EDGE('',*,*,#1621,.F.);
#875=ORIENTED_EDGE('',*,*,#1622,.F.);
#876=ORIENTED_EDGE('',*,*,#1623,.F.);
#877=ORIENTED_EDGE('',*,*,#1624,.F.);
#878=ORIENTED_EDGE('',*,*,#1625,.F.);
#879=ORIENTED_EDGE('',*,*,#1626,.F.);
#880=ORIENTED_EDGE('',*,*,#1627,.F.);
#881=ORIENTED_EDGE('',*,*,#1628,.F.);
#882=ORIENTED_EDGE('',*,*,#1629,.F.);
#883=ORIENTED_EDGE('',*,*,#1630,.T.);
#884=ORIENTED_EDGE('',*,*,#1617,.T.);
#885=ORIENTED_EDGE('',*,*,#1631,.T.);
#886=ORIENTED_EDGE('',*,*,#1632,.T.);
#887=ORIENTED_EDGE('',*,*,#1633,.T.);
#888=ORIENTED_EDGE('',*,*,#1634,.T.);
#889=ORIENTED_EDGE('',*,*,#1635,.F.);
#890=ORIENTED_EDGE('',*,*,#1636,.F.);
#891=ORIENTED_EDGE('',*,*,#1637,.F.);
#892=ORIENTED_EDGE('',*,*,#1638,.F.);
#893=ORIENTED_EDGE('',*,*,#1639,.T.);
#894=ORIENTED_EDGE('',*,*,#1640,.T.);
#895=ORIENTED_EDGE('',*,*,#1641,.T.);
#896=ORIENTED_EDGE('',*,*,#1642,.T.);
#897=ORIENTED_EDGE('',*,*,#1643,.T.);
#898=ORIENTED_EDGE('',*,*,#1644,.T.);
#899=ORIENTED_EDGE('',*,*,#1645,.T.);
#900=ORIENTED_EDGE('',*,*,#1646,.F.);
#901=ORIENTED_EDGE('',*,*,#1647,.T.);
#902=ORIENTED_EDGE('',*,*,#1648,.T.);
#903=ORIENTED_EDGE('',*,*,#1649,.T.);
#904=ORIENTED_EDGE('',*,*,#1650,.F.);
#905=ORIENTED_EDGE('',*,*,#1651,.T.);
#906=ORIENTED_EDGE('',*,*,#1652,.F.);
#907=ORIENTED_EDGE('',*,*,#1653,.F.);
#908=ORIENTED_EDGE('',*,*,#1654,.F.);
#909=ORIENTED_EDGE('',*,*,#1655,.T.);
#910=ORIENTED_EDGE('',*,*,#1656,.T.);
#911=ORIENTED_EDGE('',*,*,#1650,.T.);
#912=ORIENTED_EDGE('',*,*,#1657,.T.);
#913=ORIENTED_EDGE('',*,*,#1658,.T.);
#914=ORIENTED_EDGE('',*,*,#1644,.F.);
#915=ORIENTED_EDGE('',*,*,#1639,.F.);
#916=ORIENTED_EDGE('',*,*,#1634,.F.);
#917=ORIENTED_EDGE('',*,*,#1659,.F.);
#918=ORIENTED_EDGE('',*,*,#1660,.T.);
#919=ORIENTED_EDGE('',*,*,#1661,.T.);
#920=ORIENTED_EDGE('',*,*,#1648,.F.);
#921=ORIENTED_EDGE('',*,*,#1662,.F.);
#922=ORIENTED_EDGE('',*,*,#1663,.F.);
#923=ORIENTED_EDGE('',*,*,#1664,.F.);
#924=ORIENTED_EDGE('',*,*,#1665,.T.);
#925=ORIENTED_EDGE('',*,*,#1646,.T.);
#926=ORIENTED_EDGE('',*,*,#1666,.T.);
#927=ORIENTED_EDGE('',*,*,#1667,.T.);
#928=ORIENTED_EDGE('',*,*,#1668,.T.);
#929=ORIENTED_EDGE('',*,*,#1669,.T.);
#930=ORIENTED_EDGE('',*,*,#1670,.T.);
#931=ORIENTED_EDGE('',*,*,#1671,.F.);
#932=ORIENTED_EDGE('',*,*,#1672,.F.);
#933=ORIENTED_EDGE('',*,*,#1673,.T.);
#934=ORIENTED_EDGE('',*,*,#1674,.T.);
#935=ORIENTED_EDGE('',*,*,#1675,.T.);
#936=ORIENTED_EDGE('',*,*,#1676,.T.);
#937=ORIENTED_EDGE('',*,*,#1677,.T.);
#938=ORIENTED_EDGE('',*,*,#1678,.F.);
#939=ORIENTED_EDGE('',*,*,#1679,.F.);
#940=ORIENTED_EDGE('',*,*,#1680,.F.);
#941=ORIENTED_EDGE('',*,*,#1681,.F.);
#942=ORIENTED_EDGE('',*,*,#1682,.T.);
#943=ORIENTED_EDGE('',*,*,#1683,.T.);
#944=ORIENTED_EDGE('',*,*,#1684,.T.);
#945=ORIENTED_EDGE('',*,*,#1685,.T.);
#946=ORIENTED_EDGE('',*,*,#1686,.T.);
#947=ORIENTED_EDGE('',*,*,#1687,.T.);
#948=ORIENTED_EDGE('',*,*,#1655,.F.);
#949=ORIENTED_EDGE('',*,*,#1688,.F.);
#950=ORIENTED_EDGE('',*,*,#1647,.F.);
#951=ORIENTED_EDGE('',*,*,#1665,.F.);
#952=ORIENTED_EDGE('',*,*,#1689,.T.);
#953=ORIENTED_EDGE('',*,*,#1662,.T.);
#954=ORIENTED_EDGE('',*,*,#1633,.F.);
#955=ORIENTED_EDGE('',*,*,#1690,.F.);
#956=ORIENTED_EDGE('',*,*,#1686,.F.);
#957=ORIENTED_EDGE('',*,*,#1691,.T.);
#958=ORIENTED_EDGE('',*,*,#1659,.T.);
#959=ORIENTED_EDGE('',*,*,#1692,.F.);
#960=ORIENTED_EDGE('',*,*,#1657,.F.);
#961=ORIENTED_EDGE('',*,*,#1691,.F.);
#962=ORIENTED_EDGE('',*,*,#1688,.T.);
#963=ORIENTED_EDGE('',*,*,#1654,.T.);
#964=ORIENTED_EDGE('',*,*,#1693,.F.);
#965=ORIENTED_EDGE('',*,*,#1660,.F.);
#966=ORIENTED_EDGE('',*,*,#1689,.F.);
#967=ORIENTED_EDGE('',*,*,#1664,.T.);
#968=ORIENTED_EDGE('',*,*,#1694,.T.);
#969=ORIENTED_EDGE('',*,*,#1643,.F.);
#970=ORIENTED_EDGE('',*,*,#1695,.F.);
#971=ORIENTED_EDGE('',*,*,#1682,.F.);
#972=ORIENTED_EDGE('',*,*,#1696,.T.);
#973=ORIENTED_EDGE('',*,*,#1640,.F.);
#974=ORIENTED_EDGE('',*,*,#1694,.F.);
#975=ORIENTED_EDGE('',*,*,#1685,.F.);
#976=ORIENTED_EDGE('',*,*,#1695,.T.);
#977=ORIENTED_EDGE('',*,*,#1642,.F.);
#978=ORIENTED_EDGE('',*,*,#1697,.F.);
#979=ORIENTED_EDGE('',*,*,#1683,.F.);
#980=ORIENTED_EDGE('',*,*,#1697,.T.);
#981=ORIENTED_EDGE('',*,*,#1641,.F.);
#982=ORIENTED_EDGE('',*,*,#1696,.F.);
#983=ORIENTED_EDGE('',*,*,#1684,.F.);
#984=ORIENTED_EDGE('',*,*,#1679,.T.);
#985=ORIENTED_EDGE('',*,*,#1698,.T.);
#986=ORIENTED_EDGE('',*,*,#1638,.T.);
#987=ORIENTED_EDGE('',*,*,#1699,.F.);
#988=ORIENTED_EDGE('',*,*,#1680,.T.);
#989=ORIENTED_EDGE('',*,*,#1699,.T.);
#990=ORIENTED_EDGE('',*,*,#1637,.T.);
#991=ORIENTED_EDGE('',*,*,#1700,.F.);
#992=ORIENTED_EDGE('',*,*,#1678,.T.);
#993=ORIENTED_EDGE('',*,*,#1701,.T.);
#994=ORIENTED_EDGE('',*,*,#1635,.T.);
#995=ORIENTED_EDGE('',*,*,#1698,.F.);
#996=ORIENTED_EDGE('',*,*,#1681,.T.);
#997=ORIENTED_EDGE('',*,*,#1700,.T.);
#998=ORIENTED_EDGE('',*,*,#1636,.T.);
#999=ORIENTED_EDGE('',*,*,#1701,.F.);
#1000=ORIENTED_EDGE('',*,*,#1702,.T.);
#1001=ORIENTED_EDGE('',*,*,#1625,.T.);
#1002=ORIENTED_EDGE('',*,*,#1703,.F.);
#1003=ORIENTED_EDGE('',*,*,#1675,.F.);
#1004=ORIENTED_EDGE('',*,*,#1703,.T.);
#1005=ORIENTED_EDGE('',*,*,#1628,.T.);
#1006=ORIENTED_EDGE('',*,*,#1704,.F.);
#1007=ORIENTED_EDGE('',*,*,#1676,.F.);
#1008=ORIENTED_EDGE('',*,*,#1704,.T.);
#1009=ORIENTED_EDGE('',*,*,#1627,.T.);
#1010=ORIENTED_EDGE('',*,*,#1705,.F.);
#1011=ORIENTED_EDGE('',*,*,#1677,.F.);
#1012=ORIENTED_EDGE('',*,*,#1705,.T.);
#1013=ORIENTED_EDGE('',*,*,#1626,.T.);
#1014=ORIENTED_EDGE('',*,*,#1702,.F.);
#1015=ORIENTED_EDGE('',*,*,#1674,.F.);
#1016=ORIENTED_EDGE('',*,*,#1656,.F.);
#1017=ORIENTED_EDGE('',*,*,#1706,.T.);
#1018=ORIENTED_EDGE('',*,*,#1707,.T.);
#1019=ORIENTED_EDGE('',*,*,#1651,.F.);
#1020=ORIENTED_EDGE('',*,*,#1671,.T.);
#1021=ORIENTED_EDGE('',*,*,#1708,.F.);
#1022=ORIENTED_EDGE('',*,*,#1709,.F.);
#1023=ORIENTED_EDGE('',*,*,#1710,.T.);
#1024=ORIENTED_EDGE('',*,*,#1711,.T.);
#1025=ORIENTED_EDGE('',*,*,#1690,.T.);
#1026=ORIENTED_EDGE('',*,*,#1632,.F.);
#1027=ORIENTED_EDGE('',*,*,#1712,.F.);
#1028=ORIENTED_EDGE('',*,*,#1713,.F.);
#1029=ORIENTED_EDGE('',*,*,#1714,.T.);
#1030=ORIENTED_EDGE('',*,*,#1709,.T.);
#1031=ORIENTED_EDGE('',*,*,#1715,.F.);
#1032=ORIENTED_EDGE('',*,*,#1619,.T.);
#1033=ORIENTED_EDGE('',*,*,#1716,.F.);
#1034=ORIENTED_EDGE('',*,*,#1717,.F.);
#1035=ORIENTED_EDGE('',*,*,#1718,.T.);
#1036=ORIENTED_EDGE('',*,*,#1706,.F.);
#1037=ORIENTED_EDGE('',*,*,#1687,.F.);
#1038=ORIENTED_EDGE('',*,*,#1711,.F.);
#1039=ORIENTED_EDGE('',*,*,#1719,.F.);
#1040=ORIENTED_EDGE('',*,*,#1672,.T.);
#1041=ORIENTED_EDGE('',*,*,#1710,.F.);
#1042=ORIENTED_EDGE('',*,*,#1714,.F.);
#1043=ORIENTED_EDGE('',*,*,#1720,.T.);
#1044=ORIENTED_EDGE('',*,*,#1721,.T.);
#1045=ORIENTED_EDGE('',*,*,#1722,.T.);
#1046=ORIENTED_EDGE('',*,*,#1723,.F.);
#1047=ORIENTED_EDGE('',*,*,#1724,.F.);
#1048=ORIENTED_EDGE('',*,*,#1725,.F.);
#1049=ORIENTED_EDGE('',*,*,#1715,.T.);
#1050=ORIENTED_EDGE('',*,*,#1708,.T.);
#1051=ORIENTED_EDGE('',*,*,#1670,.F.);
#1052=ORIENTED_EDGE('',*,*,#1673,.F.);
#1053=ORIENTED_EDGE('',*,*,#1722,.F.);
#1054=ORIENTED_EDGE('',*,*,#1726,.T.);
#1055=ORIENTED_EDGE('',*,*,#1723,.T.);
#1056=ORIENTED_EDGE('',*,*,#1663,.T.);
#1057=ORIENTED_EDGE('',*,*,#1645,.F.);
#1058=ORIENTED_EDGE('',*,*,#1658,.F.);
#1059=ORIENTED_EDGE('',*,*,#1692,.T.);
#1060=ORIENTED_EDGE('',*,*,#1693,.T.);
#1061=ORIENTED_EDGE('',*,*,#1653,.T.);
#1062=ORIENTED_EDGE('',*,*,#1649,.F.);
#1063=ORIENTED_EDGE('',*,*,#1661,.F.);
#1064=ORIENTED_EDGE('',*,*,#1712,.T.);
#1065=ORIENTED_EDGE('',*,*,#1631,.F.);
#1066=ORIENTED_EDGE('',*,*,#1620,.F.);
#1067=ORIENTED_EDGE('',*,*,#1719,.T.);
#1068=ORIENTED_EDGE('',*,*,#1707,.F.);
#1069=ORIENTED_EDGE('',*,*,#1718,.F.);
#1070=ORIENTED_EDGE('',*,*,#1727,.T.);
#1071=ORIENTED_EDGE('',*,*,#1652,.T.);
#1072=ORIENTED_EDGE('',*,*,#1728,.F.);
#1073=ORIENTED_EDGE('',*,*,#1629,.T.);
#1074=ORIENTED_EDGE('',*,*,#1727,.F.);
#1075=ORIENTED_EDGE('',*,*,#1717,.T.);
#1076=ORIENTED_EDGE('',*,*,#1724,.T.);
#1077=ORIENTED_EDGE('',*,*,#1726,.F.);
#1078=ORIENTED_EDGE('',*,*,#1721,.F.);
#1079=ORIENTED_EDGE('',*,*,#1729,.T.);
#1080=ORIENTED_EDGE('',*,*,#1725,.T.);
#1081=ORIENTED_EDGE('',*,*,#1729,.F.);
#1082=ORIENTED_EDGE('',*,*,#1720,.F.);
#1083=ORIENTED_EDGE('',*,*,#1713,.T.);
#1084=ORIENTED_EDGE('',*,*,#1630,.F.);
#1085=ORIENTED_EDGE('',*,*,#1728,.T.);
#1086=ORIENTED_EDGE('',*,*,#1716,.T.);
#1087=ORIENTED_EDGE('',*,*,#1618,.F.);
#1088=ORIENTED_EDGE('',*,*,#1624,.T.);
#1089=ORIENTED_EDGE('',*,*,#1669,.F.);
#1090=ORIENTED_EDGE('',*,*,#1623,.T.);
#1091=ORIENTED_EDGE('',*,*,#1668,.F.);
#1092=ORIENTED_EDGE('',*,*,#1622,.T.);
#1093=ORIENTED_EDGE('',*,*,#1667,.F.);
#1094=ORIENTED_EDGE('',*,*,#1621,.T.);
#1095=ORIENTED_EDGE('',*,*,#1666,.F.);
#1096=ORIENTED_EDGE('',*,*,#1730,.F.);
#1097=ORIENTED_EDGE('',*,*,#1731,.T.);
#1098=ORIENTED_EDGE('',*,*,#1730,.T.);
#1099=ORIENTED_EDGE('',*,*,#1731,.F.);
#1100=ORIENTED_EDGE('',*,*,#1732,.F.);
#1101=ORIENTED_EDGE('',*,*,#1733,.T.);
#1102=ORIENTED_EDGE('',*,*,#1734,.T.);
#1103=ORIENTED_EDGE('',*,*,#1735,.F.);
#1104=ORIENTED_EDGE('',*,*,#1736,.T.);
#1105=ORIENTED_EDGE('',*,*,#1737,.T.);
#1106=ORIENTED_EDGE('',*,*,#1738,.F.);
#1107=ORIENTED_EDGE('',*,*,#1739,.F.);
#1108=ORIENTED_EDGE('',*,*,#1740,.F.);
#1109=ORIENTED_EDGE('',*,*,#1741,.F.);
#1110=ORIENTED_EDGE('',*,*,#1742,.T.);
#1111=ORIENTED_EDGE('',*,*,#1743,.T.);
#1112=ORIENTED_EDGE('',*,*,#1744,.T.);
#1113=ORIENTED_EDGE('',*,*,#1743,.F.);
#1114=ORIENTED_EDGE('',*,*,#1745,.F.);
#1115=ORIENTED_EDGE('',*,*,#1738,.T.);
#1116=ORIENTED_EDGE('',*,*,#1746,.T.);
#1117=ORIENTED_EDGE('',*,*,#1747,.F.);
#1118=ORIENTED_EDGE('',*,*,#1748,.F.);
#1119=ORIENTED_EDGE('',*,*,#1749,.T.);
#1120=ORIENTED_EDGE('',*,*,#1750,.T.);
#1121=ORIENTED_EDGE('',*,*,#1751,.F.);
#1122=ORIENTED_EDGE('',*,*,#1752,.F.);
#1123=ORIENTED_EDGE('',*,*,#1741,.T.);
#1124=ORIENTED_EDGE('',*,*,#1753,.F.);
#1125=ORIENTED_EDGE('',*,*,#1754,.F.);
#1126=ORIENTED_EDGE('',*,*,#1755,.T.);
#1127=ORIENTED_EDGE('',*,*,#1751,.T.);
#1128=ORIENTED_EDGE('',*,*,#1754,.T.);
#1129=ORIENTED_EDGE('',*,*,#1756,.T.);
#1130=ORIENTED_EDGE('',*,*,#1757,.F.);
#1131=ORIENTED_EDGE('',*,*,#1758,.F.);
#1132=ORIENTED_EDGE('',*,*,#1757,.T.);
#1133=ORIENTED_EDGE('',*,*,#1759,.T.);
#1134=ORIENTED_EDGE('',*,*,#1749,.F.);
#1135=ORIENTED_EDGE('',*,*,#1760,.F.);
#1136=ORIENTED_EDGE('',*,*,#1761,.F.);
#1137=ORIENTED_EDGE('',*,*,#1762,.F.);
#1138=ORIENTED_EDGE('',*,*,#1763,.T.);
#1139=ORIENTED_EDGE('',*,*,#1747,.T.);
#1140=ORIENTED_EDGE('',*,*,#1764,.F.);
#1141=ORIENTED_EDGE('',*,*,#1736,.F.);
#1142=ORIENTED_EDGE('',*,*,#1765,.T.);
#1143=ORIENTED_EDGE('',*,*,#1762,.T.);
#1144=ORIENTED_EDGE('',*,*,#1766,.F.);
#1145=ORIENTED_EDGE('',*,*,#1739,.T.);
#1146=ORIENTED_EDGE('',*,*,#1745,.T.);
#1147=ORIENTED_EDGE('',*,*,#1742,.F.);
#1148=ORIENTED_EDGE('',*,*,#1752,.T.);
#1149=ORIENTED_EDGE('',*,*,#1755,.F.);
#1150=ORIENTED_EDGE('',*,*,#1758,.T.);
#1151=ORIENTED_EDGE('',*,*,#1760,.T.);
#1152=ORIENTED_EDGE('',*,*,#1748,.T.);
#1153=ORIENTED_EDGE('',*,*,#1763,.F.);
#1154=ORIENTED_EDGE('',*,*,#1765,.F.);
#1155=ORIENTED_EDGE('',*,*,#1732,.T.);
#1156=ORIENTED_EDGE('',*,*,#1734,.F.);
#1157=ORIENTED_EDGE('',*,*,#1740,.T.);
#1158=ORIENTED_EDGE('',*,*,#1744,.F.);
#1159=ORIENTED_EDGE('',*,*,#1750,.F.);
#1160=ORIENTED_EDGE('',*,*,#1759,.F.);
#1161=ORIENTED_EDGE('',*,*,#1756,.F.);
#1162=ORIENTED_EDGE('',*,*,#1753,.T.);
#1163=ORIENTED_EDGE('',*,*,#1735,.T.);
#1164=ORIENTED_EDGE('',*,*,#1746,.F.);
#1165=ORIENTED_EDGE('',*,*,#1737,.F.);
#1166=ORIENTED_EDGE('',*,*,#1764,.T.);
#1167=ORIENTED_EDGE('',*,*,#1761,.T.);
#1168=ORIENTED_EDGE('',*,*,#1733,.F.);
#1169=ORIENTED_EDGE('',*,*,#1767,.F.);
#1170=ORIENTED_EDGE('',*,*,#1766,.T.);
#1171=ORIENTED_EDGE('',*,*,#1767,.T.);
#1172=ORIENTED_EDGE('',*,*,#1768,.T.);
#1173=ORIENTED_EDGE('',*,*,#1769,.F.);
#1174=ORIENTED_EDGE('',*,*,#1770,.T.);
#1175=ORIENTED_EDGE('',*,*,#1771,.T.);
#1176=ORIENTED_EDGE('',*,*,#1772,.F.);
#1177=ORIENTED_EDGE('',*,*,#1773,.F.);
#1178=ORIENTED_EDGE('',*,*,#1774,.T.);
#1179=ORIENTED_EDGE('',*,*,#1775,.T.);
#1180=ORIENTED_EDGE('',*,*,#1776,.F.);
#1181=ORIENTED_EDGE('',*,*,#1777,.F.);
#1182=ORIENTED_EDGE('',*,*,#1778,.F.);
#1183=ORIENTED_EDGE('',*,*,#1779,.T.);
#1184=ORIENTED_EDGE('',*,*,#1774,.F.);
#1185=ORIENTED_EDGE('',*,*,#1780,.F.);
#1186=ORIENTED_EDGE('',*,*,#1769,.T.);
#1187=ORIENTED_EDGE('',*,*,#1781,.T.);
#1188=ORIENTED_EDGE('',*,*,#1777,.T.);
#1189=ORIENTED_EDGE('',*,*,#1782,.F.);
#1190=ORIENTED_EDGE('',*,*,#1770,.F.);
#1191=ORIENTED_EDGE('',*,*,#1780,.T.);
#1192=ORIENTED_EDGE('',*,*,#1776,.T.);
#1193=ORIENTED_EDGE('',*,*,#1783,.F.);
#1194=ORIENTED_EDGE('',*,*,#1771,.F.);
#1195=ORIENTED_EDGE('',*,*,#1782,.T.);
#1196=ORIENTED_EDGE('',*,*,#1775,.F.);
#1197=ORIENTED_EDGE('',*,*,#1781,.F.);
#1198=ORIENTED_EDGE('',*,*,#1772,.T.);
#1199=ORIENTED_EDGE('',*,*,#1783,.T.);
#1200=ORIENTED_EDGE('',*,*,#1768,.F.);
#1201=ORIENTED_EDGE('',*,*,#1778,.T.);
#1202=ORIENTED_EDGE('',*,*,#1773,.T.);
#1203=ORIENTED_EDGE('',*,*,#1779,.F.);
#1204=ORIENTED_EDGE('',*,*,#1784,.F.);
#1205=ORIENTED_EDGE('',*,*,#1785,.F.);
#1206=ORIENTED_EDGE('',*,*,#1786,.F.);
#1207=ORIENTED_EDGE('',*,*,#1787,.T.);
#1208=ORIENTED_EDGE('',*,*,#1788,.F.);
#1209=ORIENTED_EDGE('',*,*,#1789,.T.);
#1210=ORIENTED_EDGE('',*,*,#1790,.T.);
#1211=ORIENTED_EDGE('',*,*,#1791,.F.);
#1212=ORIENTED_EDGE('',*,*,#1792,.T.);
#1213=ORIENTED_EDGE('',*,*,#1793,.F.);
#1214=ORIENTED_EDGE('',*,*,#1794,.T.);
#1215=ORIENTED_EDGE('',*,*,#1795,.T.);
#1216=ORIENTED_EDGE('',*,*,#1796,.F.);
#1217=ORIENTED_EDGE('',*,*,#1797,.T.);
#1218=ORIENTED_EDGE('',*,*,#1798,.F.);
#1219=ORIENTED_EDGE('',*,*,#1799,.F.);
#1220=ORIENTED_EDGE('',*,*,#1800,.F.);
#1221=ORIENTED_EDGE('',*,*,#1797,.F.);
#1222=ORIENTED_EDGE('',*,*,#1801,.F.);
#1223=ORIENTED_EDGE('',*,*,#1802,.F.);
#1224=ORIENTED_EDGE('',*,*,#1803,.F.);
#1225=ORIENTED_EDGE('',*,*,#1804,.T.);
#1226=ORIENTED_EDGE('',*,*,#1787,.F.);
#1227=ORIENTED_EDGE('',*,*,#1805,.F.);
#1228=ORIENTED_EDGE('',*,*,#1790,.F.);
#1229=ORIENTED_EDGE('',*,*,#1806,.F.);
#1230=ORIENTED_EDGE('',*,*,#1807,.F.);
#1231=ORIENTED_EDGE('',*,*,#1808,.T.);
#1232=ORIENTED_EDGE('',*,*,#1809,.F.);
#1233=ORIENTED_EDGE('',*,*,#1810,.T.);
#1234=ORIENTED_EDGE('',*,*,#1811,.T.);
#1235=ORIENTED_EDGE('',*,*,#1812,.F.);
#1236=ORIENTED_EDGE('',*,*,#1813,.F.);
#1237=ORIENTED_EDGE('',*,*,#1814,.T.);
#1238=ORIENTED_EDGE('',*,*,#1809,.T.);
#1239=ORIENTED_EDGE('',*,*,#1815,.T.);
#1240=ORIENTED_EDGE('',*,*,#1813,.T.);
#1241=ORIENTED_EDGE('',*,*,#1816,.F.);
#1242=ORIENTED_EDGE('',*,*,#1817,.T.);
#1243=ORIENTED_EDGE('',*,*,#1818,.T.);
#1244=ORIENTED_EDGE('',*,*,#1788,.T.);
#1245=ORIENTED_EDGE('',*,*,#1819,.T.);
#1246=ORIENTED_EDGE('',*,*,#1785,.T.);
#1247=ORIENTED_EDGE('',*,*,#1820,.F.);
#1248=ORIENTED_EDGE('',*,*,#1821,.T.);
#1249=ORIENTED_EDGE('',*,*,#1822,.T.);
#1250=ORIENTED_EDGE('',*,*,#1823,.T.);
#1251=ORIENTED_EDGE('',*,*,#1799,.T.);
#1252=ORIENTED_EDGE('',*,*,#1824,.F.);
#1253=ORIENTED_EDGE('',*,*,#1825,.F.);
#1254=ORIENTED_EDGE('',*,*,#1792,.F.);
#1255=ORIENTED_EDGE('',*,*,#1826,.F.);
#1256=ORIENTED_EDGE('',*,*,#1827,.T.);
#1257=ORIENTED_EDGE('',*,*,#1828,.T.);
#1258=ORIENTED_EDGE('',*,*,#1795,.F.);
#1259=ORIENTED_EDGE('',*,*,#1829,.F.);
#1260=ORIENTED_EDGE('',*,*,#1830,.T.);
#1261=ORIENTED_EDGE('',*,*,#1826,.T.);
#1262=ORIENTED_EDGE('',*,*,#1794,.F.);
#1263=ORIENTED_EDGE('',*,*,#1831,.F.);
#1264=ORIENTED_EDGE('',*,*,#1832,.T.);
#1265=ORIENTED_EDGE('',*,*,#1829,.T.);
#1266=ORIENTED_EDGE('',*,*,#1793,.T.);
#1267=ORIENTED_EDGE('',*,*,#1828,.F.);
#1268=ORIENTED_EDGE('',*,*,#1833,.F.);
#1269=ORIENTED_EDGE('',*,*,#1831,.T.);
#1270=ORIENTED_EDGE('',*,*,#1798,.T.);
#1271=ORIENTED_EDGE('',*,*,#1811,.F.);
#1272=ORIENTED_EDGE('',*,*,#1834,.F.);
#1273=ORIENTED_EDGE('',*,*,#1824,.T.);
#1274=ORIENTED_EDGE('',*,*,#1827,.F.);
#1275=ORIENTED_EDGE('',*,*,#1830,.F.);
#1276=ORIENTED_EDGE('',*,*,#1832,.F.);
#1277=ORIENTED_EDGE('',*,*,#1833,.T.);
#1278=ORIENTED_EDGE('',*,*,#1810,.F.);
#1279=ORIENTED_EDGE('',*,*,#1814,.F.);
#1280=ORIENTED_EDGE('',*,*,#1825,.T.);
#1281=ORIENTED_EDGE('',*,*,#1834,.T.);
#1282=ORIENTED_EDGE('',*,*,#1823,.F.);
#1283=ORIENTED_EDGE('',*,*,#1835,.T.);
#1284=ORIENTED_EDGE('',*,*,#1801,.T.);
#1285=ORIENTED_EDGE('',*,*,#1796,.T.);
#1286=ORIENTED_EDGE('',*,*,#1805,.T.);
#1287=ORIENTED_EDGE('',*,*,#1786,.T.);
#1288=ORIENTED_EDGE('',*,*,#1819,.F.);
#1289=ORIENTED_EDGE('',*,*,#1791,.T.);
#1290=ORIENTED_EDGE('',*,*,#1812,.T.);
#1291=ORIENTED_EDGE('',*,*,#1808,.F.);
#1292=ORIENTED_EDGE('',*,*,#1836,.F.);
#1293=ORIENTED_EDGE('',*,*,#1816,.T.);
#1294=ORIENTED_EDGE('',*,*,#1789,.F.);
#1295=ORIENTED_EDGE('',*,*,#1818,.F.);
#1296=ORIENTED_EDGE('',*,*,#1837,.T.);
#1297=ORIENTED_EDGE('',*,*,#1806,.T.);
#1298=ORIENTED_EDGE('',*,*,#1817,.F.);
#1299=ORIENTED_EDGE('',*,*,#1836,.T.);
#1300=ORIENTED_EDGE('',*,*,#1807,.T.);
#1301=ORIENTED_EDGE('',*,*,#1837,.F.);
#1302=ORIENTED_EDGE('',*,*,#1835,.F.);
#1303=ORIENTED_EDGE('',*,*,#1822,.F.);
#1304=ORIENTED_EDGE('',*,*,#1838,.T.);
#1305=ORIENTED_EDGE('',*,*,#1802,.T.);
#1306=ORIENTED_EDGE('',*,*,#1784,.T.);
#1307=ORIENTED_EDGE('',*,*,#1804,.F.);
#1308=ORIENTED_EDGE('',*,*,#1839,.F.);
#1309=ORIENTED_EDGE('',*,*,#1820,.T.);
#1310=ORIENTED_EDGE('',*,*,#1838,.F.);
#1311=ORIENTED_EDGE('',*,*,#1821,.F.);
#1312=ORIENTED_EDGE('',*,*,#1839,.T.);
#1313=ORIENTED_EDGE('',*,*,#1803,.T.);
#1314=ORIENTED_EDGE('',*,*,#1800,.T.);
#1315=ORIENTED_EDGE('',*,*,#1815,.F.);
#1316=ORIENTED_EDGE('',*,*,#1840,.T.);
#1317=ORIENTED_EDGE('',*,*,#1841,.F.);
#1318=ORIENTED_EDGE('',*,*,#1842,.T.);
#1319=ORIENTED_EDGE('',*,*,#1843,.T.);
#1320=ORIENTED_EDGE('',*,*,#1844,.F.);
#1321=ORIENTED_EDGE('',*,*,#1845,.F.);
#1322=ORIENTED_EDGE('',*,*,#1846,.T.);
#1323=ORIENTED_EDGE('',*,*,#1847,.T.);
#1324=ORIENTED_EDGE('',*,*,#1848,.F.);
#1325=ORIENTED_EDGE('',*,*,#1849,.F.);
#1326=ORIENTED_EDGE('',*,*,#1850,.F.);
#1327=ORIENTED_EDGE('',*,*,#1851,.T.);
#1328=ORIENTED_EDGE('',*,*,#1846,.F.);
#1329=ORIENTED_EDGE('',*,*,#1852,.F.);
#1330=ORIENTED_EDGE('',*,*,#1841,.T.);
#1331=ORIENTED_EDGE('',*,*,#1853,.T.);
#1332=ORIENTED_EDGE('',*,*,#1849,.T.);
#1333=ORIENTED_EDGE('',*,*,#1854,.F.);
#1334=ORIENTED_EDGE('',*,*,#1842,.F.);
#1335=ORIENTED_EDGE('',*,*,#1852,.T.);
#1336=ORIENTED_EDGE('',*,*,#1848,.T.);
#1337=ORIENTED_EDGE('',*,*,#1855,.F.);
#1338=ORIENTED_EDGE('',*,*,#1843,.F.);
#1339=ORIENTED_EDGE('',*,*,#1854,.T.);
#1340=ORIENTED_EDGE('',*,*,#1847,.F.);
#1341=ORIENTED_EDGE('',*,*,#1853,.F.);
#1342=ORIENTED_EDGE('',*,*,#1844,.T.);
#1343=ORIENTED_EDGE('',*,*,#1855,.T.);
#1344=ORIENTED_EDGE('',*,*,#1840,.F.);
#1345=ORIENTED_EDGE('',*,*,#1850,.T.);
#1346=ORIENTED_EDGE('',*,*,#1845,.T.);
#1347=ORIENTED_EDGE('',*,*,#1851,.F.);
#1348=ORIENTED_EDGE('',*,*,#1856,.F.);
#1349=ORIENTED_EDGE('',*,*,#1857,.T.);
#1350=ORIENTED_EDGE('',*,*,#1858,.T.);
#1351=ORIENTED_EDGE('',*,*,#1859,.F.);
#1352=ORIENTED_EDGE('',*,*,#1860,.F.);
#1353=ORIENTED_EDGE('',*,*,#1861,.F.);
#1354=ORIENTED_EDGE('',*,*,#1862,.F.);
#1355=ORIENTED_EDGE('',*,*,#1863,.T.);
#1356=ORIENTED_EDGE('',*,*,#1864,.T.);
#1357=ORIENTED_EDGE('',*,*,#1865,.F.);
#1358=ORIENTED_EDGE('',*,*,#1866,.F.);
#1359=ORIENTED_EDGE('',*,*,#1867,.T.);
#1360=ORIENTED_EDGE('',*,*,#1868,.F.);
#1361=ORIENTED_EDGE('',*,*,#1869,.T.);
#1362=ORIENTED_EDGE('',*,*,#1870,.F.);
#1363=ORIENTED_EDGE('',*,*,#1871,.F.);
#1364=ORIENTED_EDGE('',*,*,#1872,.T.);
#1365=ORIENTED_EDGE('',*,*,#1873,.F.);
#1366=ORIENTED_EDGE('',*,*,#1874,.T.);
#1367=ORIENTED_EDGE('',*,*,#1875,.F.);
#1368=ORIENTED_EDGE('',*,*,#1876,.F.);
#1369=ORIENTED_EDGE('',*,*,#1877,.T.);
#1370=ORIENTED_EDGE('',*,*,#1878,.T.);
#1371=ORIENTED_EDGE('',*,*,#1879,.T.);
#1372=ORIENTED_EDGE('',*,*,#1880,.F.);
#1373=ORIENTED_EDGE('',*,*,#1881,.T.);
#1374=ORIENTED_EDGE('',*,*,#1882,.F.);
#1375=ORIENTED_EDGE('',*,*,#1859,.T.);
#1376=ORIENTED_EDGE('',*,*,#1883,.F.);
#1377=ORIENTED_EDGE('',*,*,#1884,.F.);
#1378=ORIENTED_EDGE('',*,*,#1885,.F.);
#1379=ORIENTED_EDGE('',*,*,#1878,.F.);
#1380=ORIENTED_EDGE('',*,*,#1886,.T.);
#1381=ORIENTED_EDGE('',*,*,#1887,.T.);
#1382=ORIENTED_EDGE('',*,*,#1888,.F.);
#1383=ORIENTED_EDGE('',*,*,#1889,.F.);
#1384=ORIENTED_EDGE('',*,*,#1890,.T.);
#1385=ORIENTED_EDGE('',*,*,#1891,.T.);
#1386=ORIENTED_EDGE('',*,*,#1892,.F.);
#1387=ORIENTED_EDGE('',*,*,#1893,.F.);
#1388=ORIENTED_EDGE('',*,*,#1876,.T.);
#1389=ORIENTED_EDGE('',*,*,#1894,.T.);
#1390=ORIENTED_EDGE('',*,*,#1895,.F.);
#1391=ORIENTED_EDGE('',*,*,#1896,.F.);
#1392=ORIENTED_EDGE('',*,*,#1884,.T.);
#1393=ORIENTED_EDGE('',*,*,#1897,.T.);
#1394=ORIENTED_EDGE('',*,*,#1898,.F.);
#1395=ORIENTED_EDGE('',*,*,#1899,.T.);
#1396=ORIENTED_EDGE('',*,*,#1900,.T.);
#1397=ORIENTED_EDGE('',*,*,#1901,.T.);
#1398=ORIENTED_EDGE('',*,*,#1902,.T.);
#1399=ORIENTED_EDGE('',*,*,#1862,.T.);
#1400=ORIENTED_EDGE('',*,*,#1903,.T.);
#1401=ORIENTED_EDGE('',*,*,#1856,.T.);
#1402=ORIENTED_EDGE('',*,*,#1904,.T.);
#1403=ORIENTED_EDGE('',*,*,#1905,.T.);
#1404=ORIENTED_EDGE('',*,*,#1880,.T.);
#1405=ORIENTED_EDGE('',*,*,#1906,.F.);
#1406=ORIENTED_EDGE('',*,*,#1907,.F.);
#1407=ORIENTED_EDGE('',*,*,#1908,.F.);
#1408=ORIENTED_EDGE('',*,*,#1909,.F.);
#1409=ORIENTED_EDGE('',*,*,#1910,.F.);
#1410=ORIENTED_EDGE('',*,*,#1911,.T.);
#1411=ORIENTED_EDGE('',*,*,#1912,.T.);
#1412=ORIENTED_EDGE('',*,*,#1871,.T.);
#1413=ORIENTED_EDGE('',*,*,#1870,.T.);
#1414=ORIENTED_EDGE('',*,*,#1869,.F.);
#1415=ORIENTED_EDGE('',*,*,#1913,.F.);
#1416=ORIENTED_EDGE('',*,*,#1914,.F.);
#1417=ORIENTED_EDGE('',*,*,#1915,.T.);
#1418=ORIENTED_EDGE('',*,*,#1916,.F.);
#1419=ORIENTED_EDGE('',*,*,#1887,.F.);
#1420=ORIENTED_EDGE('',*,*,#1917,.T.);
#1421=ORIENTED_EDGE('',*,*,#1895,.T.);
#1422=ORIENTED_EDGE('',*,*,#1918,.F.);
#1423=ORIENTED_EDGE('',*,*,#1919,.T.);
#1424=ORIENTED_EDGE('',*,*,#1920,.F.);
#1425=ORIENTED_EDGE('',*,*,#1921,.F.);
#1426=ORIENTED_EDGE('',*,*,#1915,.F.);
#1427=ORIENTED_EDGE('',*,*,#1922,.T.);
#1428=ORIENTED_EDGE('',*,*,#1923,.T.);
#1429=ORIENTED_EDGE('',*,*,#1866,.T.);
#1430=ORIENTED_EDGE('',*,*,#1924,.T.);
#1431=ORIENTED_EDGE('',*,*,#1910,.T.);
#1432=ORIENTED_EDGE('',*,*,#1925,.T.);
#1433=ORIENTED_EDGE('',*,*,#1926,.T.);
#1434=ORIENTED_EDGE('',*,*,#1927,.T.);
#1435=ORIENTED_EDGE('',*,*,#1928,.F.);
#1436=ORIENTED_EDGE('',*,*,#1874,.F.);
#1437=ORIENTED_EDGE('',*,*,#1929,.F.);
#1438=ORIENTED_EDGE('',*,*,#1930,.F.);
#1439=ORIENTED_EDGE('',*,*,#1931,.F.);
#1440=ORIENTED_EDGE('',*,*,#1864,.F.);
#1441=ORIENTED_EDGE('',*,*,#1932,.T.);
#1442=ORIENTED_EDGE('',*,*,#1924,.F.);
#1443=ORIENTED_EDGE('',*,*,#1879,.F.);
#1444=ORIENTED_EDGE('',*,*,#1888,.T.);
#1445=ORIENTED_EDGE('',*,*,#1918,.T.);
#1446=ORIENTED_EDGE('',*,*,#1894,.F.);
#1447=ORIENTED_EDGE('',*,*,#1875,.T.);
#1448=ORIENTED_EDGE('',*,*,#1928,.T.);
#1449=ORIENTED_EDGE('',*,*,#1933,.F.);
#1450=ORIENTED_EDGE('',*,*,#1892,.T.);
#1451=ORIENTED_EDGE('',*,*,#1934,.F.);
#1452=ORIENTED_EDGE('',*,*,#1897,.F.);
#1453=ORIENTED_EDGE('',*,*,#1883,.T.);
#1454=ORIENTED_EDGE('',*,*,#1858,.F.);
#1455=ORIENTED_EDGE('',*,*,#1935,.T.);
#1456=ORIENTED_EDGE('',*,*,#1919,.F.);
#1457=ORIENTED_EDGE('',*,*,#1936,.F.);
#1458=ORIENTED_EDGE('',*,*,#1935,.F.);
#1459=ORIENTED_EDGE('',*,*,#1891,.F.);
#1460=ORIENTED_EDGE('',*,*,#1937,.T.);
#1461=ORIENTED_EDGE('',*,*,#1898,.T.);
#1462=ORIENTED_EDGE('',*,*,#1934,.T.);
#1463=ORIENTED_EDGE('',*,*,#1927,.F.);
#1464=ORIENTED_EDGE('',*,*,#1938,.T.);
#1465=ORIENTED_EDGE('',*,*,#1939,.F.);
#1466=ORIENTED_EDGE('',*,*,#1907,.T.);
#1467=ORIENTED_EDGE('',*,*,#1940,.T.);
#1468=ORIENTED_EDGE('',*,*,#1889,.T.);
#1469=ORIENTED_EDGE('',*,*,#1933,.T.);
#1470=ORIENTED_EDGE('',*,*,#1936,.T.);
#1471=ORIENTED_EDGE('',*,*,#1890,.F.);
#1472=ORIENTED_EDGE('',*,*,#1941,.T.);
#1473=ORIENTED_EDGE('',*,*,#1896,.T.);
#1474=ORIENTED_EDGE('',*,*,#1937,.F.);
#1475=ORIENTED_EDGE('',*,*,#1885,.T.);
#1476=ORIENTED_EDGE('',*,*,#1941,.F.);
#1477=ORIENTED_EDGE('',*,*,#1940,.F.);
#1478=ORIENTED_EDGE('',*,*,#1906,.T.);
#1479=ORIENTED_EDGE('',*,*,#1886,.F.);
#1480=ORIENTED_EDGE('',*,*,#1877,.F.);
#1481=ORIENTED_EDGE('',*,*,#1893,.T.);
#1482=ORIENTED_EDGE('',*,*,#1917,.F.);
#1483=ORIENTED_EDGE('',*,*,#1920,.T.);
#1484=ORIENTED_EDGE('',*,*,#1939,.T.);
#1485=ORIENTED_EDGE('',*,*,#1942,.F.);
#1486=ORIENTED_EDGE('',*,*,#1943,.F.);
#1487=ORIENTED_EDGE('',*,*,#1908,.T.);
#1488=ORIENTED_EDGE('',*,*,#1944,.F.);
#1489=ORIENTED_EDGE('',*,*,#1938,.F.);
#1490=ORIENTED_EDGE('',*,*,#1926,.F.);
#1491=ORIENTED_EDGE('',*,*,#1945,.T.);
#1492=ORIENTED_EDGE('',*,*,#1942,.T.);
#1493=ORIENTED_EDGE('',*,*,#1925,.F.);
#1494=ORIENTED_EDGE('',*,*,#1909,.T.);
#1495=ORIENTED_EDGE('',*,*,#1943,.T.);
#1496=ORIENTED_EDGE('',*,*,#1945,.F.);
#1497=ORIENTED_EDGE('',*,*,#1946,.F.);
#1498=ORIENTED_EDGE('',*,*,#1882,.T.);
#1499=ORIENTED_EDGE('',*,*,#1947,.F.);
#1500=ORIENTED_EDGE('',*,*,#1948,.F.);
#1501=ORIENTED_EDGE('',*,*,#1860,.T.);
#1502=ORIENTED_EDGE('',*,*,#1881,.F.);
#1503=ORIENTED_EDGE('',*,*,#1905,.F.);
#1504=ORIENTED_EDGE('',*,*,#1949,.T.);
#1505=ORIENTED_EDGE('',*,*,#1947,.T.);
#1506=ORIENTED_EDGE('',*,*,#1861,.T.);
#1507=ORIENTED_EDGE('',*,*,#1948,.T.);
#1508=ORIENTED_EDGE('',*,*,#1949,.F.);
#1509=ORIENTED_EDGE('',*,*,#1904,.F.);
#1510=ORIENTED_EDGE('',*,*,#1946,.T.);
#1511=ORIENTED_EDGE('',*,*,#1902,.F.);
#1512=ORIENTED_EDGE('',*,*,#1944,.T.);
#1513=ORIENTED_EDGE('',*,*,#1901,.F.);
#1514=ORIENTED_EDGE('',*,*,#1950,.F.);
#1515=ORIENTED_EDGE('',*,*,#1873,.T.);
#1516=ORIENTED_EDGE('',*,*,#1951,.F.);
#1517=ORIENTED_EDGE('',*,*,#1952,.F.);
#1518=ORIENTED_EDGE('',*,*,#1929,.T.);
#1519=ORIENTED_EDGE('',*,*,#1872,.F.);
#1520=ORIENTED_EDGE('',*,*,#1912,.F.);
#1521=ORIENTED_EDGE('',*,*,#1953,.T.);
#1522=ORIENTED_EDGE('',*,*,#1951,.T.);
#1523=ORIENTED_EDGE('',*,*,#1930,.T.);
#1524=ORIENTED_EDGE('',*,*,#1952,.T.);
#1525=ORIENTED_EDGE('',*,*,#1953,.F.);
#1526=ORIENTED_EDGE('',*,*,#1911,.F.);
#1527=ORIENTED_EDGE('',*,*,#1954,.F.);
#1528=ORIENTED_EDGE('',*,*,#1867,.F.);
#1529=ORIENTED_EDGE('',*,*,#1923,.F.);
#1530=ORIENTED_EDGE('',*,*,#1955,.T.);
#1531=ORIENTED_EDGE('',*,*,#1956,.T.);
#1532=ORIENTED_EDGE('',*,*,#1868,.T.);
#1533=ORIENTED_EDGE('',*,*,#1956,.F.);
#1534=ORIENTED_EDGE('',*,*,#1957,.F.);
#1535=ORIENTED_EDGE('',*,*,#1913,.T.);
#1536=ORIENTED_EDGE('',*,*,#1955,.F.);
#1537=ORIENTED_EDGE('',*,*,#1922,.F.);
#1538=ORIENTED_EDGE('',*,*,#1914,.T.);
#1539=ORIENTED_EDGE('',*,*,#1957,.T.);
#1540=ORIENTED_EDGE('',*,*,#1954,.T.);
#1541=ORIENTED_EDGE('',*,*,#1899,.F.);
#1542=ORIENTED_EDGE('',*,*,#1950,.T.);
#1543=ORIENTED_EDGE('',*,*,#1900,.F.);
#1544=ORIENTED_EDGE('',*,*,#1916,.T.);
#1545=ORIENTED_EDGE('',*,*,#1921,.T.);
#1546=ORIENTED_EDGE('',*,*,#1932,.F.);
#1547=ORIENTED_EDGE('',*,*,#1863,.F.);
#1548=ORIENTED_EDGE('',*,*,#1865,.T.);
#1549=ORIENTED_EDGE('',*,*,#1931,.T.);
#1550=ORIENTED_EDGE('',*,*,#1857,.F.);
#1551=ORIENTED_EDGE('',*,*,#1903,.F.);
#1552=EDGE_CURVE('',#1958,#1959,#2243,.T.);
#1553=EDGE_CURVE('',#1959,#1960,#114,.T.);
#1554=EDGE_CURVE('',#1960,#1961,#2244,.T.);
#1555=EDGE_CURVE('',#1958,#1961,#115,.T.);
#1556=EDGE_CURVE('',#1962,#1963,#2245,.T.);
#1557=EDGE_CURVE('',#1962,#1959,#116,.T.);
#1558=EDGE_CURVE('',#1964,#1958,#117,.T.);
#1559=EDGE_CURVE('',#1965,#1964,#2246,.T.);
#1560=EDGE_CURVE('',#1965,#1961,#118,.T.);
#1561=EDGE_CURVE('',#1963,#1960,#119,.T.);
#1562=EDGE_CURVE('',#1966,#1966,#2247,.T.);
#1563=EDGE_CURVE('',#1964,#1965,#120,.T.);
#1564=EDGE_CURVE('',#1962,#1963,#121,.T.);
#1565=EDGE_CURVE('',#1967,#1967,#2248,.T.);
#1566=EDGE_CURVE('',#1968,#1968,#2249,.T.);
#1567=EDGE_CURVE('',#1969,#1969,#2250,.T.);
#1568=EDGE_CURVE('',#1970,#1971,#2251,.T.);
#1569=EDGE_CURVE('',#1970,#1972,#122,.T.);
#1570=EDGE_CURVE('',#1973,#1972,#2252,.T.);
#1571=EDGE_CURVE('',#1971,#1973,#123,.T.);
#1572=EDGE_CURVE('',#1974,#1974,#2253,.T.);
#1573=EDGE_CURVE('',#1975,#1975,#2254,.T.);
#1574=EDGE_CURVE('',#1976,#1976,#2255,.T.);
#1575=EDGE_CURVE('',#1977,#1977,#2256,.T.);
#1576=EDGE_CURVE('',#1978,#1979,#10,.T.);
#1577=EDGE_CURVE('',#1979,#1980,#2257,.T.);
#1578=EDGE_CURVE('',#1980,#1981,#11,.T.);
#1579=EDGE_CURVE('',#1981,#1982,#12,.T.);
#1580=EDGE_CURVE('',#1982,#1983,#2258,.T.);
#1581=EDGE_CURVE('',#1983,#1978,#13,.T.);
#1582=EDGE_CURVE('',#1984,#1970,#124,.T.);
#1583=EDGE_CURVE('',#1984,#1985,#125,.T.);
#1584=EDGE_CURVE('',#1985,#1972,#126,.T.);
#1585=EDGE_CURVE('',#1986,#1971,#127,.T.);
#1586=EDGE_CURVE('',#1984,#1986,#2259,.T.);
#1587=EDGE_CURVE('',#1987,#1973,#128,.T.);
#1588=EDGE_CURVE('',#1986,#1987,#129,.T.);
#1589=EDGE_CURVE('',#1987,#1985,#2260,.T.);
#1590=EDGE_CURVE('',#1988,#1980,#130,.T.);
#1591=EDGE_CURVE('',#1989,#1988,#131,.T.);
#1592=EDGE_CURVE('',#1989,#1981,#132,.T.);
#1593=EDGE_CURVE('',#1990,#1979,#133,.T.);
#1594=EDGE_CURVE('',#1988,#1990,#134,.T.);
#1595=EDGE_CURVE('',#1991,#1978,#135,.T.);
#1596=EDGE_CURVE('',#1990,#1991,#136,.T.);
#1597=EDGE_CURVE('',#1992,#1983,#137,.T.);
#1598=EDGE_CURVE('',#1991,#1992,#138,.T.);
#1599=EDGE_CURVE('',#1993,#1982,#139,.T.);
#1600=EDGE_CURVE('',#1992,#1993,#140,.T.);
#1601=EDGE_CURVE('',#1993,#1989,#141,.T.);
#1602=EDGE_CURVE('',#1994,#1994,#2261,.T.);
#1603=EDGE_CURVE('',#1995,#1996,#142,.T.);
#1604=EDGE_CURVE('',#1997,#1996,#143,.T.);
#1605=EDGE_CURVE('',#1998,#1997,#144,.T.);
#1606=EDGE_CURVE('',#1998,#1995,#145,.T.);
#1607=EDGE_CURVE('',#1999,#1999,#2262,.F.);
#1608=EDGE_CURVE('',#1996,#2000,#146,.T.);
#1609=EDGE_CURVE('',#2001,#2000,#147,.T.);
#1610=EDGE_CURVE('',#1997,#2001,#148,.T.);
#1611=EDGE_CURVE('',#2000,#2002,#149,.T.);
#1612=EDGE_CURVE('',#2003,#2002,#150,.T.);
#1613=EDGE_CURVE('',#2001,#2003,#151,.T.);
#1614=EDGE_CURVE('',#2004,#2004,#2263,.F.);
#1615=EDGE_CURVE('',#1995,#2002,#152,.T.);
#1616=EDGE_CURVE('',#1998,#2003,#153,.T.);
#1617=EDGE_CURVE('',#2005,#2006,#154,.T.);
#1618=EDGE_CURVE('',#2005,#2007,#155,.T.);
#1619=EDGE_CURVE('',#2008,#2007,#156,.T.);
#1620=EDGE_CURVE('',#2008,#2006,#157,.T.);
#1621=EDGE_CURVE('',#2009,#2009,#2264,.T.);
#1622=EDGE_CURVE('',#2010,#2010,#2265,.T.);
#1623=EDGE_CURVE('',#2011,#2011,#2266,.T.);
#1624=EDGE_CURVE('',#2012,#2012,#2267,.T.);
#1625=EDGE_CURVE('',#2013,#2014,#158,.T.);
#1626=EDGE_CURVE('',#2015,#2013,#159,.T.);
#1627=EDGE_CURVE('',#2016,#2015,#160,.T.);
#1628=EDGE_CURVE('',#2014,#2016,#161,.T.);
#1629=EDGE_CURVE('',#2017,#2018,#162,.T.);
#1630=EDGE_CURVE('',#2017,#2005,#163,.T.);
#1631=EDGE_CURVE('',#2006,#2019,#164,.T.);
#1632=EDGE_CURVE('',#2019,#2020,#2268,.T.);
#1633=EDGE_CURVE('',#2020,#2021,#165,.T.);
#1634=EDGE_CURVE('',#2021,#2022,#166,.T.);
#1635=EDGE_CURVE('',#2023,#2022,#167,.T.);
#1636=EDGE_CURVE('',#2024,#2023,#168,.T.);
#1637=EDGE_CURVE('',#2025,#2024,#169,.T.);
#1638=EDGE_CURVE('',#2022,#2025,#170,.T.);
#1639=EDGE_CURVE('',#2022,#2026,#171,.T.);
#1640=EDGE_CURVE('',#2026,#2027,#172,.T.);
#1641=EDGE_CURVE('',#2027,#2028,#173,.T.);
#1642=EDGE_CURVE('',#2028,#2029,#174,.T.);
#1643=EDGE_CURVE('',#2029,#2026,#175,.T.);
#1644=EDGE_CURVE('',#2026,#2030,#176,.T.);
#1645=EDGE_CURVE('',#2030,#2031,#177,.T.);
#1646=EDGE_CURVE('',#2032,#2031,#178,.T.);
#1647=EDGE_CURVE('',#2032,#2033,#179,.T.);
#1648=EDGE_CURVE('',#2033,#2034,#180,.T.);
#1649=EDGE_CURVE('',#2034,#2035,#181,.T.);
#1650=EDGE_CURVE('',#2036,#2035,#182,.T.);
#1651=EDGE_CURVE('',#2036,#2037,#2269,.T.);
#1652=EDGE_CURVE('',#2018,#2037,#183,.T.);
#1653=EDGE_CURVE('',#2038,#2035,#184,.T.);
#1654=EDGE_CURVE('',#2039,#2038,#185,.T.);
#1655=EDGE_CURVE('',#2039,#2040,#186,.T.);
#1656=EDGE_CURVE('',#2040,#2036,#187,.T.);
#1657=EDGE_CURVE('',#2041,#2042,#188,.T.);
#1658=EDGE_CURVE('',#2042,#2030,#189,.T.);
#1659=EDGE_CURVE('',#2041,#2021,#190,.T.);
#1660=EDGE_CURVE('',#2043,#2044,#191,.T.);
#1661=EDGE_CURVE('',#2044,#2034,#192,.T.);
#1662=EDGE_CURVE('',#2043,#2033,#193,.T.);
#1663=EDGE_CURVE('',#2045,#2031,#194,.T.);
#1664=EDGE_CURVE('',#2046,#2045,#195,.T.);
#1665=EDGE_CURVE('',#2046,#2032,#196,.T.);
#1666=EDGE_CURVE('',#2047,#2047,#2270,.T.);
#1667=EDGE_CURVE('',#2048,#2048,#2271,.T.);
#1668=EDGE_CURVE('',#2049,#2049,#2272,.T.);
#1669=EDGE_CURVE('',#2050,#2050,#2273,.T.);
#1670=EDGE_CURVE('',#2051,#2052,#197,.T.);
#1671=EDGE_CURVE('',#2053,#2052,#2274,.T.);
#1672=EDGE_CURVE('',#2054,#2053,#198,.T.);
#1673=EDGE_CURVE('',#2054,#2051,#199,.T.);
#1674=EDGE_CURVE('',#2055,#2056,#200,.T.);
#1675=EDGE_CURVE('',#2056,#2057,#201,.T.);
#1676=EDGE_CURVE('',#2057,#2058,#202,.T.);
#1677=EDGE_CURVE('',#2058,#2055,#203,.T.);
#1678=EDGE_CURVE('',#2059,#2060,#204,.T.);
#1679=EDGE_CURVE('',#2061,#2059,#205,.T.);
#1680=EDGE_CURVE('',#2062,#2061,#206,.T.);
#1681=EDGE_CURVE('',#2060,#2062,#207,.T.);
#1682=EDGE_CURVE('',#2063,#2064,#208,.T.);
#1683=EDGE_CURVE('',#2064,#2065,#209,.T.);
#1684=EDGE_CURVE('',#2065,#2066,#210,.T.);
#1685=EDGE_CURVE('',#2066,#2063,#211,.T.);
#1686=EDGE_CURVE('',#2067,#2068,#212,.T.);
#1687=EDGE_CURVE('',#2068,#2040,#2275,.T.);
#1688=EDGE_CURVE('',#2067,#2039,#2276,.T.);
#1689=EDGE_CURVE('',#2046,#2043,#213,.T.);
#1690=EDGE_CURVE('',#2068,#2020,#214,.T.);
#1691=EDGE_CURVE('',#2067,#2041,#215,.T.);
#1692=EDGE_CURVE('',#2042,#2045,#216,.T.);
#1693=EDGE_CURVE('',#2044,#2038,#217,.T.);
#1694=EDGE_CURVE('',#2063,#2026,#218,.T.);
#1695=EDGE_CURVE('',#2064,#2029,#219,.T.);
#1696=EDGE_CURVE('',#2066,#2027,#220,.T.);
#1697=EDGE_CURVE('',#2065,#2028,#221,.T.);
#1698=EDGE_CURVE('',#2059,#2022,#222,.T.);
#1699=EDGE_CURVE('',#2061,#2025,#223,.T.);
#1700=EDGE_CURVE('',#2062,#2024,#224,.T.);
#1701=EDGE_CURVE('',#2060,#2023,#225,.T.);
#1702=EDGE_CURVE('',#2056,#2013,#226,.T.);
#1703=EDGE_CURVE('',#2057,#2014,#227,.T.);
#1704=EDGE_CURVE('',#2058,#2016,#228,.T.);
#1705=EDGE_CURVE('',#2055,#2015,#229,.T.);
#1706=EDGE_CURVE('',#2040,#2069,#2277,.T.);
#1707=EDGE_CURVE('',#2069,#2037,#230,.T.);
#1708=EDGE_CURVE('',#2070,#2052,#231,.T.);
#1709=EDGE_CURVE('',#2071,#2070,#2278,.T.);
#1710=EDGE_CURVE('',#2071,#2053,#232,.T.);
#1711=EDGE_CURVE('',#2072,#2068,#2279,.T.);
#1712=EDGE_CURVE('',#2072,#2019,#233,.T.);
#1713=EDGE_CURVE('',#2073,#2074,#234,.T.);
#1714=EDGE_CURVE('',#2073,#2071,#235,.T.);
#1715=EDGE_CURVE('',#2074,#2070,#236,.T.);
#1716=EDGE_CURVE('',#2075,#2007,#237,.T.);
#1717=EDGE_CURVE('',#2076,#2075,#238,.T.);
#1718=EDGE_CURVE('',#2076,#2069,#239,.T.);
#1719=EDGE_CURVE('',#2008,#2072,#240,.T.);
#1720=EDGE_CURVE('',#2073,#2077,#241,.T.);
#1721=EDGE_CURVE('',#2077,#2078,#242,.T.);
#1722=EDGE_CURVE('',#2078,#2054,#243,.T.);
#1723=EDGE_CURVE('',#2079,#2051,#244,.T.);
#1724=EDGE_CURVE('',#2080,#2079,#245,.T.);
#1725=EDGE_CURVE('',#2074,#2080,#246,.T.);
#1726=EDGE_CURVE('',#2078,#2079,#247,.T.);
#1727=EDGE_CURVE('',#2076,#2018,#248,.T.);
#1728=EDGE_CURVE('',#2017,#2075,#249,.T.);
#1729=EDGE_CURVE('',#2077,#2080,#250,.T.);
#1730=EDGE_CURVE('',#2081,#2081,#2280,.T.);
#1731=EDGE_CURVE('',#2082,#2082,#2281,.T.);
#1732=EDGE_CURVE('',#2083,#2083,#2282,.T.);
#1733=EDGE_CURVE('',#2084,#2084,#2283,.T.);
#1734=EDGE_CURVE('',#2085,#2085,#2284,.T.);
#1735=EDGE_CURVE('',#2086,#2086,#2285,.T.);
#1736=EDGE_CURVE('',#2087,#2088,#251,.T.);
#1737=EDGE_CURVE('',#2088,#2089,#252,.T.);
#1738=EDGE_CURVE('',#2090,#2089,#253,.T.);
#1739=EDGE_CURVE('',#2087,#2090,#254,.T.);
#1740=EDGE_CURVE('',#2091,#2092,#255,.T.);
#1741=EDGE_CURVE('',#2093,#2091,#256,.T.);
#1742=EDGE_CURVE('',#2093,#2094,#257,.T.);
#1743=EDGE_CURVE('',#2094,#2092,#258,.T.);
#1744=EDGE_CURVE('',#2091,#2092,#2286,.T.);
#1745=EDGE_CURVE('',#2090,#2094,#2287,.T.);
#1746=EDGE_CURVE('',#2089,#2095,#2288,.T.);
#1747=EDGE_CURVE('',#2096,#2095,#259,.T.);
#1748=EDGE_CURVE('',#2097,#2096,#2289,.T.);
#1749=EDGE_CURVE('',#2097,#2098,#260,.T.);
#1750=EDGE_CURVE('',#2098,#2099,#2290,.T.);
#1751=EDGE_CURVE('',#2100,#2099,#261,.T.);
#1752=EDGE_CURVE('',#2093,#2100,#2291,.T.);
#1753=EDGE_CURVE('',#2101,#2099,#262,.T.);
#1754=EDGE_CURVE('',#2102,#2101,#263,.T.);
#1755=EDGE_CURVE('',#2102,#2100,#264,.T.);
#1756=EDGE_CURVE('',#2101,#2103,#2292,.T.);
#1757=EDGE_CURVE('',#2104,#2103,#265,.T.);
#1758=EDGE_CURVE('',#2102,#2104,#2293,.T.);
#1759=EDGE_CURVE('',#2103,#2098,#266,.T.);
#1760=EDGE_CURVE('',#2104,#2097,#267,.T.);
#1761=EDGE_CURVE('',#2105,#2095,#268,.T.);
#1762=EDGE_CURVE('',#2106,#2105,#269,.T.);
#1763=EDGE_CURVE('',#2106,#2096,#270,.T.);
#1764=EDGE_CURVE('',#2088,#2105,#2294,.T.);
#1765=EDGE_CURVE('',#2087,#2106,#2295,.T.);
#1766=EDGE_CURVE('',#2107,#2107,#2296,.T.);
#1767=EDGE_CURVE('',#2108,#2108,#2297,.T.);
#1768=EDGE_CURVE('',#2109,#2109,#2298,.T.);
#1769=EDGE_CURVE('',#2110,#2111,#271,.T.);
#1770=EDGE_CURVE('',#2110,#2112,#272,.T.);
#1771=EDGE_CURVE('',#2112,#2113,#273,.T.);
#1772=EDGE_CURVE('',#2111,#2113,#274,.T.);
#1773=EDGE_CURVE('',#2114,#2114,#2299,.T.);
#1774=EDGE_CURVE('',#2115,#2116,#275,.T.);
#1775=EDGE_CURVE('',#2116,#2117,#276,.T.);
#1776=EDGE_CURVE('',#2118,#2117,#277,.T.);
#1777=EDGE_CURVE('',#2115,#2118,#278,.T.);
#1778=EDGE_CURVE('',#2119,#2119,#2300,.F.);
#1779=EDGE_CURVE('',#2120,#2120,#2301,.T.);
#1780=EDGE_CURVE('',#2110,#2115,#279,.T.);
#1781=EDGE_CURVE('',#2111,#2116,#280,.T.);
#1782=EDGE_CURVE('',#2112,#2118,#281,.T.);
#1783=EDGE_CURVE('',#2113,#2117,#282,.T.);
#1784=EDGE_CURVE('',#2121,#2122,#283,.T.);
#1785=EDGE_CURVE('',#2123,#2121,#284,.T.);
#1786=EDGE_CURVE('',#2124,#2123,#285,.T.);
#1787=EDGE_CURVE('',#2124,#2122,#286,.T.);
#1788=EDGE_CURVE('',#2125,#2126,#287,.T.);
#1789=EDGE_CURVE('',#2125,#2127,#288,.T.);
#1790=EDGE_CURVE('',#2127,#2128,#289,.T.);
#1791=EDGE_CURVE('',#2126,#2128,#290,.T.);
#1792=EDGE_CURVE('',#2129,#2130,#2302,.T.);
#1793=EDGE_CURVE('',#2131,#2130,#291,.T.);
#1794=EDGE_CURVE('',#2131,#2132,#2303,.T.);
#1795=EDGE_CURVE('',#2132,#2129,#292,.T.);
#1796=EDGE_CURVE('',#2133,#2134,#293,.T.);
#1797=EDGE_CURVE('',#2133,#2135,#294,.T.);
#1798=EDGE_CURVE('',#2136,#2135,#2304,.T.);
#1799=EDGE_CURVE('',#2134,#2136,#295,.T.);
#1800=EDGE_CURVE('',#2137,#2137,#2305,.T.);
#1801=EDGE_CURVE('',#2138,#2133,#296,.T.);
#1802=EDGE_CURVE('',#2139,#2138,#297,.T.);
#1803=EDGE_CURVE('',#2140,#2139,#298,.T.);
#1804=EDGE_CURVE('',#2140,#2122,#299,.T.);
#1805=EDGE_CURVE('',#2128,#2124,#300,.T.);
#1806=EDGE_CURVE('',#2141,#2127,#301,.T.);
#1807=EDGE_CURVE('',#2142,#2141,#302,.T.);
#1808=EDGE_CURVE('',#2142,#2143,#303,.T.);
#1809=EDGE_CURVE('',#2144,#2143,#304,.T.);
#1810=EDGE_CURVE('',#2144,#2145,#305,.T.);
#1811=EDGE_CURVE('',#2145,#2135,#306,.T.);
#1812=EDGE_CURVE('',#2146,#2143,#307,.T.);
#1813=EDGE_CURVE('',#2147,#2146,#308,.T.);
#1814=EDGE_CURVE('',#2147,#2144,#309,.T.);
#1815=EDGE_CURVE('',#2148,#2148,#2306,.T.);
#1816=EDGE_CURVE('',#2149,#2146,#310,.T.);
#1817=EDGE_CURVE('',#2149,#2150,#311,.T.);
#1818=EDGE_CURVE('',#2150,#2125,#312,.T.);
#1819=EDGE_CURVE('',#2126,#2123,#313,.T.);
#1820=EDGE_CURVE('',#2151,#2121,#314,.T.);
#1821=EDGE_CURVE('',#2151,#2152,#315,.T.);
#1822=EDGE_CURVE('',#2152,#2153,#316,.T.);
#1823=EDGE_CURVE('',#2153,#2134,#317,.T.);
#1824=EDGE_CURVE('',#2154,#2136,#318,.T.);
#1825=EDGE_CURVE('',#2147,#2154,#319,.T.);
#1826=EDGE_CURVE('',#2155,#2129,#320,.T.);
#1827=EDGE_CURVE('',#2155,#2156,#2307,.T.);
#1828=EDGE_CURVE('',#2156,#2130,#321,.T.);
#1829=EDGE_CURVE('',#2157,#2132,#322,.T.);
#1830=EDGE_CURVE('',#2157,#2155,#323,.T.);
#1831=EDGE_CURVE('',#2158,#2131,#324,.T.);
#1832=EDGE_CURVE('',#2158,#2157,#2308,.T.);
#1833=EDGE_CURVE('',#2158,#2156,#325,.T.);
#1834=EDGE_CURVE('',#2154,#2145,#2309,.T.);
#1835=EDGE_CURVE('',#2153,#2138,#326,.T.);
#1836=EDGE_CURVE('',#2149,#2142,#327,.T.);
#1837=EDGE_CURVE('',#2150,#2141,#328,.T.);
#1838=EDGE_CURVE('',#2152,#2139,#329,.T.);
#1839=EDGE_CURVE('',#2151,#2140,#330,.T.);
#1840=EDGE_CURVE('',#2159,#2159,#2310,.F.);
#1841=EDGE_CURVE('',#2160,#2161,#331,.T.);
#1842=EDGE_CURVE('',#2160,#2162,#332,.T.);
#1843=EDGE_CURVE('',#2162,#2163,#333,.T.);
#1844=EDGE_CURVE('',#2161,#2163,#334,.T.);
#1845=EDGE_CURVE('',#2164,#2164,#2311,.T.);
#1846=EDGE_CURVE('',#2165,#2166,#335,.T.);
#1847=EDGE_CURVE('',#2166,#2167,#336,.T.);
#1848=EDGE_CURVE('',#2168,#2167,#337,.T.);
#1849=EDGE_CURVE('',#2165,#2168,#338,.T.);
#1850=EDGE_CURVE('',#2169,#2169,#2312,.F.);
#1851=EDGE_CURVE('',#2170,#2170,#2313,.T.);
#1852=EDGE_CURVE('',#2160,#2165,#339,.T.);
#1853=EDGE_CURVE('',#2161,#2166,#340,.T.);
#1854=EDGE_CURVE('',#2162,#2168,#341,.T.);
#1855=EDGE_CURVE('',#2163,#2167,#342,.T.);
#1856=EDGE_CURVE('',#2171,#2172,#343,.T.);
#1857=EDGE_CURVE('',#2171,#2173,#344,.T.);
#1858=EDGE_CURVE('',#2173,#2174,#345,.T.);
#1859=EDGE_CURVE('',#2175,#2174,#346,.T.);
#1860=EDGE_CURVE('',#2176,#2175,#347,.T.);
#1861=EDGE_CURVE('',#2172,#2176,#348,.T.);
#1862=EDGE_CURVE('',#2177,#2178,#2314,.T.);
#1863=EDGE_CURVE('',#2177,#2179,#349,.T.);
#1864=EDGE_CURVE('',#2179,#2180,#2315,.T.);
#1865=EDGE_CURVE('',#2178,#2180,#350,.T.);
#1866=EDGE_CURVE('',#2181,#2182,#351,.T.);
#1867=EDGE_CURVE('',#2181,#2183,#352,.T.);
#1868=EDGE_CURVE('',#2184,#2183,#353,.T.);
#1869=EDGE_CURVE('',#2184,#2185,#354,.T.);
#1870=EDGE_CURVE('',#2186,#2185,#355,.T.);
#1871=EDGE_CURVE('',#2187,#2186,#356,.T.);
#1872=EDGE_CURVE('',#2187,#2188,#357,.T.);
#1873=EDGE_CURVE('',#2189,#2188,#358,.T.);
#1874=EDGE_CURVE('',#2189,#2190,#359,.T.);
#1875=EDGE_CURVE('',#2191,#2190,#360,.T.);
#1876=EDGE_CURVE('',#2192,#2191,#361,.T.);
#1877=EDGE_CURVE('',#2192,#2193,#362,.T.);
#1878=EDGE_CURVE('',#2193,#2194,#363,.T.);
#1879=EDGE_CURVE('',#2194,#2182,#364,.T.);
#1880=EDGE_CURVE('',#2195,#2196,#365,.T.);
#1881=EDGE_CURVE('',#2195,#2197,#366,.T.);
#1882=EDGE_CURVE('',#2175,#2197,#367,.T.);
#1883=EDGE_CURVE('',#2198,#2174,#368,.T.);
#1884=EDGE_CURVE('',#2199,#2198,#369,.T.);
#1885=EDGE_CURVE('',#2196,#2199,#370,.T.);
#1886=EDGE_CURVE('',#2193,#2200,#371,.T.);
#1887=EDGE_CURVE('',#2200,#2201,#372,.T.);
#1888=EDGE_CURVE('',#2194,#2201,#373,.T.);
#1889=EDGE_CURVE('',#2202,#2203,#374,.T.);
#1890=EDGE_CURVE('',#2202,#2204,#375,.T.);
#1891=EDGE_CURVE('',#2204,#2205,#376,.T.);
#1892=EDGE_CURVE('',#2203,#2205,#377,.T.);
#1893=EDGE_CURVE('',#2192,#2206,#378,.T.);
#1894=EDGE_CURVE('',#2191,#2207,#379,.T.);
#1895=EDGE_CURVE('',#2206,#2207,#380,.T.);
#1896=EDGE_CURVE('',#2199,#2208,#381,.T.);
#1897=EDGE_CURVE('',#2198,#2209,#382,.T.);
#1898=EDGE_CURVE('',#2208,#2209,#383,.T.);
#1899=EDGE_CURVE('',#2210,#2210,#2316,.T.);
#1900=EDGE_CURVE('',#2211,#2211,#2317,.T.);
#1901=EDGE_CURVE('',#2212,#2212,#2318,.T.);
#1902=EDGE_CURVE('',#2213,#2213,#2319,.T.);
#1903=EDGE_CURVE('',#2178,#2171,#384,.T.);
#1904=EDGE_CURVE('',#2172,#2214,#385,.T.);
#1905=EDGE_CURVE('',#2214,#2195,#386,.T.);
#1906=EDGE_CURVE('',#2215,#2196,#387,.T.);
#1907=EDGE_CURVE('',#2216,#2215,#388,.T.);
#1908=EDGE_CURVE('',#2217,#2216,#389,.T.);
#1909=EDGE_CURVE('',#2218,#2217,#390,.T.);
#1910=EDGE_CURVE('',#2219,#2218,#391,.T.);
#1911=EDGE_CURVE('',#2219,#2220,#392,.T.);
#1912=EDGE_CURVE('',#2220,#2187,#393,.T.);
#1913=EDGE_CURVE('',#2221,#2184,#394,.T.);
#1914=EDGE_CURVE('',#2222,#2221,#395,.T.);
#1915=EDGE_CURVE('',#2222,#2223,#396,.T.);
#1916=EDGE_CURVE('',#2177,#2223,#397,.T.);
#1917=EDGE_CURVE('',#2200,#2206,#2320,.F.);
#1918=EDGE_CURVE('',#2201,#2207,#2321,.T.);
#1919=EDGE_CURVE('',#2224,#2224,#2322,.T.);
#1920=EDGE_CURVE('',#2225,#2225,#2323,.F.);
#1921=EDGE_CURVE('',#2223,#2226,#398,.T.);
#1922=EDGE_CURVE('',#2222,#2227,#399,.T.);
#1923=EDGE_CURVE('',#2227,#2181,#400,.T.);
#1924=EDGE_CURVE('',#2182,#2226,#401,.T.);
#1925=EDGE_CURVE('',#2218,#2228,#402,.T.);
#1926=EDGE_CURVE('',#2228,#2229,#403,.T.);
#1927=EDGE_CURVE('',#2229,#2230,#404,.T.);
#1928=EDGE_CURVE('',#2190,#2230,#405,.T.);
#1929=EDGE_CURVE('',#2231,#2189,#406,.T.);
#1930=EDGE_CURVE('',#2219,#2231,#407,.T.);
#1931=EDGE_CURVE('',#2180,#2173,#408,.T.);
#1932=EDGE_CURVE('',#2179,#2226,#409,.T.);
#1933=EDGE_CURVE('',#2203,#2230,#410,.T.);
#1934=EDGE_CURVE('',#2209,#2205,#2324,.T.);
#1935=EDGE_CURVE('',#2232,#2232,#2325,.T.);
#1936=EDGE_CURVE('',#2233,#2233,#2326,.T.);
#1937=EDGE_CURVE('',#2204,#2208,#2327,.T.);
#1938=EDGE_CURVE('',#2229,#2234,#411,.T.);
#1939=EDGE_CURVE('',#2216,#2234,#412,.T.);
#1940=EDGE_CURVE('',#2215,#2202,#413,.T.);
#1941=EDGE_CURVE('',#2202,#2199,#414,.T.);
#1942=EDGE_CURVE('',#2235,#2234,#415,.T.);
#1943=EDGE_CURVE('',#2217,#2235,#416,.T.);
#1944=EDGE_CURVE('',#2236,#2236,#2328,.T.);
#1945=EDGE_CURVE('',#2228,#2235,#417,.T.);
#1946=EDGE_CURVE('',#2237,#2237,#2329,.T.);
#1947=EDGE_CURVE('',#2238,#2197,#418,.T.);
#1948=EDGE_CURVE('',#2176,#2238,#419,.T.);
#1949=EDGE_CURVE('',#2214,#2238,#420,.T.);
#1950=EDGE_CURVE('',#2239,#2239,#2330,.T.);
#1951=EDGE_CURVE('',#2240,#2188,#421,.T.);
#1952=EDGE_CURVE('',#2231,#2240,#422,.T.);
#1953=EDGE_CURVE('',#2220,#2240,#423,.T.);
#1954=EDGE_CURVE('',#2241,#2241,#2331,.T.);
#1955=EDGE_CURVE('',#2227,#2242,#424,.T.);
#1956=EDGE_CURVE('',#2242,#2183,#425,.T.);
#1957=EDGE_CURVE('',#2221,#2242,#426,.T.);
#1958=VERTEX_POINT('',#4378);
#1959=VERTEX_POINT('',#4379);
#1960=VERTEX_POINT('',#4381);
#1961=VERTEX_POINT('',#4383);
#1962=VERTEX_POINT('',#4387);
#1963=VERTEX_POINT('',#4388);
#1964=VERTEX_POINT('',#4391);
#1965=VERTEX_POINT('',#4393);
#1966=VERTEX_POINT('',#4397);
#1967=VERTEX_POINT('',#4408);
#1968=VERTEX_POINT('',#4410);
#1969=VERTEX_POINT('',#4413);
#1970=VERTEX_POINT('',#4415);
#1971=VERTEX_POINT('',#4416);
#1972=VERTEX_POINT('',#4418);
#1973=VERTEX_POINT('',#4420);
#1974=VERTEX_POINT('',#4424);
#1975=VERTEX_POINT('',#4426);
#1976=VERTEX_POINT('',#4429);
#1977=VERTEX_POINT('',#4432);
#1978=VERTEX_POINT('',#4435);
#1979=VERTEX_POINT('',#4436);
#1980=VERTEX_POINT('',#4438);
#1981=VERTEX_POINT('',#4440);
#1982=VERTEX_POINT('',#4442);
#1983=VERTEX_POINT('',#4444);
#1984=VERTEX_POINT('',#4448);
#1985=VERTEX_POINT('',#4450);
#1986=VERTEX_POINT('',#4454);
#1987=VERTEX_POINT('',#4458);
#1988=VERTEX_POINT('',#4465);
#1989=VERTEX_POINT('',#4467);
#1990=VERTEX_POINT('',#4471);
#1991=VERTEX_POINT('',#4475);
#1992=VERTEX_POINT('',#4479);
#1993=VERTEX_POINT('',#4483);
#1994=VERTEX_POINT('',#4490);
#1995=VERTEX_POINT('',#4495);
#1996=VERTEX_POINT('',#4496);
#1997=VERTEX_POINT('',#4498);
#1998=VERTEX_POINT('',#4500);
#1999=VERTEX_POINT('',#4504);
#2000=VERTEX_POINT('',#4506);
#2001=VERTEX_POINT('',#4508);
#2002=VERTEX_POINT('',#4512);
#2003=VERTEX_POINT('',#4514);
#2004=VERTEX_POINT('',#4518);
#2005=VERTEX_POINT('',#4527);
#2006=VERTEX_POINT('',#4528);
#2007=VERTEX_POINT('',#4530);
#2008=VERTEX_POINT('',#4532);
#2009=VERTEX_POINT('',#4536);
#2010=VERTEX_POINT('',#4538);
#2011=VERTEX_POINT('',#4540);
#2012=VERTEX_POINT('',#4542);
#2013=VERTEX_POINT('',#4544);
#2014=VERTEX_POINT('',#4545);
#2015=VERTEX_POINT('',#4547);
#2016=VERTEX_POINT('',#4549);
#2017=VERTEX_POINT('',#4552);
#2018=VERTEX_POINT('',#4553);
#2019=VERTEX_POINT('',#4556);
#2020=VERTEX_POINT('',#4558);
#2021=VERTEX_POINT('',#4560);
#2022=VERTEX_POINT('',#4562);
#2023=VERTEX_POINT('',#4564);
#2024=VERTEX_POINT('',#4566);
#2025=VERTEX_POINT('',#4568);
#2026=VERTEX_POINT('',#4571);
#2027=VERTEX_POINT('',#4573);
#2028=VERTEX_POINT('',#4575);
#2029=VERTEX_POINT('',#4577);
#2030=VERTEX_POINT('',#4580);
#2031=VERTEX_POINT('',#4582);
#2032=VERTEX_POINT('',#4584);
#2033=VERTEX_POINT('',#4586);
#2034=VERTEX_POINT('',#4588);
#2035=VERTEX_POINT('',#4590);
#2036=VERTEX_POINT('',#4592);
#2037=VERTEX_POINT('',#4594);
#2038=VERTEX_POINT('',#4598);
#2039=VERTEX_POINT('',#4600);
#2040=VERTEX_POINT('',#4602);
#2041=VERTEX_POINT('',#4606);
#2042=VERTEX_POINT('',#4607);
#2043=VERTEX_POINT('',#4612);
#2044=VERTEX_POINT('',#4613);
#2045=VERTEX_POINT('',#4618);
#2046=VERTEX_POINT('',#4620);
#2047=VERTEX_POINT('',#4624);
#2048=VERTEX_POINT('',#4626);
#2049=VERTEX_POINT('',#4628);
#2050=VERTEX_POINT('',#4630);
#2051=VERTEX_POINT('',#4632);
#2052=VERTEX_POINT('',#4633);
#2053=VERTEX_POINT('',#4635);
#2054=VERTEX_POINT('',#4637);
#2055=VERTEX_POINT('',#4640);
#2056=VERTEX_POINT('',#4641);
#2057=VERTEX_POINT('',#4643);
#2058=VERTEX_POINT('',#4645);
#2059=VERTEX_POINT('',#4648);
#2060=VERTEX_POINT('',#4649);
#2061=VERTEX_POINT('',#4651);
#2062=VERTEX_POINT('',#4653);
#2063=VERTEX_POINT('',#4656);
#2064=VERTEX_POINT('',#4657);
#2065=VERTEX_POINT('',#4659);
#2066=VERTEX_POINT('',#4661);
#2067=VERTEX_POINT('',#4665);
#2068=VERTEX_POINT('',#4666);
#2069=VERTEX_POINT('',#4703);
#2070=VERTEX_POINT('',#4707);
#2071=VERTEX_POINT('',#4709);
#2072=VERTEX_POINT('',#4713);
#2073=VERTEX_POINT('',#4717);
#2074=VERTEX_POINT('',#4718);
#2075=VERTEX_POINT('',#4722);
#2076=VERTEX_POINT('',#4724);
#2077=VERTEX_POINT('',#4729);
#2078=VERTEX_POINT('',#4731);
#2079=VERTEX_POINT('',#4735);
#2080=VERTEX_POINT('',#4737);
#2081=VERTEX_POINT('',#4759);
#2082=VERTEX_POINT('',#4761);
#2083=VERTEX_POINT('',#4767);
#2084=VERTEX_POINT('',#4769);
#2085=VERTEX_POINT('',#4772);
#2086=VERTEX_POINT('',#4774);
#2087=VERTEX_POINT('',#4777);
#2088=VERTEX_POINT('',#4778);
#2089=VERTEX_POINT('',#4780);
#2090=VERTEX_POINT('',#4782);
#2091=VERTEX_POINT('',#4786);
#2092=VERTEX_POINT('',#4787);
#2093=VERTEX_POINT('',#4789);
#2094=VERTEX_POINT('',#4791);
#2095=VERTEX_POINT('',#4797);
#2096=VERTEX_POINT('',#4799);
#2097=VERTEX_POINT('',#4801);
#2098=VERTEX_POINT('',#4803);
#2099=VERTEX_POINT('',#4805);
#2100=VERTEX_POINT('',#4807);
#2101=VERTEX_POINT('',#4811);
#2102=VERTEX_POINT('',#4813);
#2103=VERTEX_POINT('',#4817);
#2104=VERTEX_POINT('',#4819);
#2105=VERTEX_POINT('',#4826);
#2106=VERTEX_POINT('',#4828);
#2107=VERTEX_POINT('',#4835);
#2108=VERTEX_POINT('',#4841);
#2109=VERTEX_POINT('',#4846);
#2110=VERTEX_POINT('',#4848);
#2111=VERTEX_POINT('',#4849);
#2112=VERTEX_POINT('',#4851);
#2113=VERTEX_POINT('',#4853);
#2114=VERTEX_POINT('',#4856);
#2115=VERTEX_POINT('',#4859);
#2116=VERTEX_POINT('',#4860);
#2117=VERTEX_POINT('',#4862);
#2118=VERTEX_POINT('',#4864);
#2119=VERTEX_POINT('',#4867);
#2120=VERTEX_POINT('',#4869);
#2121=VERTEX_POINT('',#4883);
#2122=VERTEX_POINT('',#4884);
#2123=VERTEX_POINT('',#4886);
#2124=VERTEX_POINT('',#4888);
#2125=VERTEX_POINT('',#4892);
#2126=VERTEX_POINT('',#4893);
#2127=VERTEX_POINT('',#4895);
#2128=VERTEX_POINT('',#4897);
#2129=VERTEX_POINT('',#4901);
#2130=VERTEX_POINT('',#4902);
#2131=VERTEX_POINT('',#4904);
#2132=VERTEX_POINT('',#4906);
#2133=VERTEX_POINT('',#4909);
#2134=VERTEX_POINT('',#4910);
#2135=VERTEX_POINT('',#4912);
#2136=VERTEX_POINT('',#4914);
#2137=VERTEX_POINT('',#4918);
#2138=VERTEX_POINT('',#4920);
#2139=VERTEX_POINT('',#4922);
#2140=VERTEX_POINT('',#4924);
#2141=VERTEX_POINT('',#4928);
#2142=VERTEX_POINT('',#4930);
#2143=VERTEX_POINT('',#4932);
#2144=VERTEX_POINT('',#4934);
#2145=VERTEX_POINT('',#4936);
#2146=VERTEX_POINT('',#4940);
#2147=VERTEX_POINT('',#4942);
#2148=VERTEX_POINT('',#4946);
#2149=VERTEX_POINT('',#4948);
#2150=VERTEX_POINT('',#4950);
#2151=VERTEX_POINT('',#4954);
#2152=VERTEX_POINT('',#4956);
#2153=VERTEX_POINT('',#4958);
#2154=VERTEX_POINT('',#4961);
#2155=VERTEX_POINT('',#4965);
#2156=VERTEX_POINT('',#4967);
#2157=VERTEX_POINT('',#4971);
#2158=VERTEX_POINT('',#4975);
#2159=VERTEX_POINT('',#4999);
#2160=VERTEX_POINT('',#5001);
#2161=VERTEX_POINT('',#5002);
#2162=VERTEX_POINT('',#5004);
#2163=VERTEX_POINT('',#5006);
#2164=VERTEX_POINT('',#5009);
#2165=VERTEX_POINT('',#5012);
#2166=VERTEX_POINT('',#5013);
#2167=VERTEX_POINT('',#5015);
#2168=VERTEX_POINT('',#5017);
#2169=VERTEX_POINT('',#5020);
#2170=VERTEX_POINT('',#5022);
#2171=VERTEX_POINT('',#5036);
#2172=VERTEX_POINT('',#5037);
#2173=VERTEX_POINT('',#5039);
#2174=VERTEX_POINT('',#5041);
#2175=VERTEX_POINT('',#5043);
#2176=VERTEX_POINT('',#5045);
#2177=VERTEX_POINT('',#5049);
#2178=VERTEX_POINT('',#5050);
#2179=VERTEX_POINT('',#5052);
#2180=VERTEX_POINT('',#5054);
#2181=VERTEX_POINT('',#5058);
#2182=VERTEX_POINT('',#5059);
#2183=VERTEX_POINT('',#5061);
#2184=VERTEX_POINT('',#5063);
#2185=VERTEX_POINT('',#5065);
#2186=VERTEX_POINT('',#5067);
#2187=VERTEX_POINT('',#5069);
#2188=VERTEX_POINT('',#5071);
#2189=VERTEX_POINT('',#5073);
#2190=VERTEX_POINT('',#5075);
#2191=VERTEX_POINT('',#5077);
#2192=VERTEX_POINT('',#5079);
#2193=VERTEX_POINT('',#5081);
#2194=VERTEX_POINT('',#5083);
#2195=VERTEX_POINT('',#5087);
#2196=VERTEX_POINT('',#5088);
#2197=VERTEX_POINT('',#5090);
#2198=VERTEX_POINT('',#5093);
#2199=VERTEX_POINT('',#5095);
#2200=VERTEX_POINT('',#5099);
#2201=VERTEX_POINT('',#5101);
#2202=VERTEX_POINT('',#5105);
#2203=VERTEX_POINT('',#5106);
#2204=VERTEX_POINT('',#5108);
#2205=VERTEX_POINT('',#5110);
#2206=VERTEX_POINT('',#5114);
#2207=VERTEX_POINT('',#5116);
#2208=VERTEX_POINT('',#5120);
#2209=VERTEX_POINT('',#5122);
#2210=VERTEX_POINT('',#5126);
#2211=VERTEX_POINT('',#5128);
#2212=VERTEX_POINT('',#5130);
#2213=VERTEX_POINT('',#5132);
#2214=VERTEX_POINT('',#5135);
#2215=VERTEX_POINT('',#5138);
#2216=VERTEX_POINT('',#5140);
#2217=VERTEX_POINT('',#5142);
#2218=VERTEX_POINT('',#5144);
#2219=VERTEX_POINT('',#5146);
#2220=VERTEX_POINT('',#5148);
#2221=VERTEX_POINT('',#5151);
#2222=VERTEX_POINT('',#5153);
#2223=VERTEX_POINT('',#5155);
#2224=VERTEX_POINT('',#5162);
#2225=VERTEX_POINT('',#5164);
#2226=VERTEX_POINT('',#5167);
#2227=VERTEX_POINT('',#5169);
#2228=VERTEX_POINT('',#5174);
#2229=VERTEX_POINT('',#5176);
#2230=VERTEX_POINT('',#5178);
#2231=VERTEX_POINT('',#5181);
#2232=VERTEX_POINT('',#5189);
#2233=VERTEX_POINT('',#5192);
#2234=VERTEX_POINT('',#5197);
#2235=VERTEX_POINT('',#5206);
#2236=VERTEX_POINT('',#5210);
#2237=VERTEX_POINT('',#5215);
#2238=VERTEX_POINT('',#5217);
#2239=VERTEX_POINT('',#5226);
#2240=VERTEX_POINT('',#5228);
#2241=VERTEX_POINT('',#5235);
#2242=VERTEX_POINT('',#5237);
#2243=CIRCLE('',#3242,0.0025);
#2244=CIRCLE('',#3243,0.0025);
#2245=CIRCLE('',#3245,0.0025);
#2246=CIRCLE('',#3246,0.0025);
#2247=CIRCLE('',#3247,0.0025);
#2248=CIRCLE('',#3255,0.0017);
#2249=CIRCLE('',#3256,0.0017);
#2250=CIRCLE('',#3258,0.00508);
#2251=CIRCLE('',#3259,0.0025);
#2252=CIRCLE('',#3260,0.0025);
#2253=CIRCLE('',#3262,0.0254);
#2254=CIRCLE('',#3263,0.0254);
#2255=CIRCLE('',#3265,0.001575);
#2256=CIRCLE('',#3267,0.00508);
#2257=CIRCLE('',#3270,0.00508);
#2258=CIRCLE('',#3273,0.00508);
#2259=CIRCLE('',#3277,0.0025);
#2260=CIRCLE('',#3280,0.0025);
#2261=CIRCLE('',#3290,0.001575);
#2262=CIRCLE('',#3295,0.0016);
#2263=CIRCLE('',#3298,0.0016);
#2264=CIRCLE('',#3305,0.00165);
#2265=CIRCLE('',#3306,0.00165);
#2266=CIRCLE('',#3307,0.00165);
#2267=CIRCLE('',#3308,0.00165);
#2268=CIRCLE('',#3309,0.08636);
#2269=CIRCLE('',#3310,0.08636);
#2270=CIRCLE('',#3316,0.00165);
#2271=CIRCLE('',#3317,0.00165);
#2272=CIRCLE('',#3318,0.00165);
#2273=CIRCLE('',#3319,0.00165);
#2274=CIRCLE('',#3320,0.0889);
#2275=CIRCLE('',#3322,0.08636);
#2276=CIRCLE('',#3323,0.08636);
#2277=CIRCLE('',#3340,0.08636);
#2278=CIRCLE('',#3342,0.0889);
#2279=CIRCLE('',#3344,0.08636);
#2280=CIRCLE('',#3363,0.00155);
#2281=CIRCLE('',#3364,0.00155);
#2282=CIRCLE('',#3369,0.002);
#2283=CIRCLE('',#3370,0.002);
#2284=CIRCLE('',#3372,0.002);
#2285=CIRCLE('',#3373,0.002);
#2286=CIRCLE('',#3377,0.014);
#2287=CIRCLE('',#3378,0.014);
#2288=CIRCLE('',#3379,0.014);
#2289=CIRCLE('',#3380,0.014);
#2290=CIRCLE('',#3381,0.014);
#2291=CIRCLE('',#3382,0.014);
#2292=CIRCLE('',#3385,0.0035);
#2293=CIRCLE('',#3386,0.0035);
#2294=CIRCLE('',#3390,0.0035);
#2295=CIRCLE('',#3391,0.0035);
#2296=CIRCLE('',#3393,0.0045);
#2297=CIRCLE('',#3398,0.0045);
#2298=CIRCLE('',#3402,0.0016);
#2299=CIRCLE('',#3403,0.0016);
#2300=CIRCLE('',#3405,0.0016);
#2301=CIRCLE('',#3406,0.0016);
#2302=CIRCLE('',#3417,0.00165);
#2303=CIRCLE('',#3418,0.00165);
#2304=CIRCLE('',#3419,0.0035);
#2305=CIRCLE('',#3421,0.0016);
#2306=CIRCLE('',#3424,0.0016);
#2307=CIRCLE('',#3426,0.00165);
#2308=CIRCLE('',#3429,0.00165);
#2309=CIRCLE('',#3432,0.0035);
#2310=CIRCLE('',#3445,0.0016);
#2311=CIRCLE('',#3446,0.0016);
#2312=CIRCLE('',#3448,0.0016);
#2313=CIRCLE('',#3449,0.0016);
#2314=CIRCLE('',#3459,0.0145);
#2315=CIRCLE('',#3460,0.0145);
#2316=CIRCLE('',#3468,0.00165);
#2317=CIRCLE('',#3469,0.00165);
#2318=CIRCLE('',#3470,0.00165);
#2319=CIRCLE('',#3471,0.00165);
#2320=CIRCLE('',#3473,0.0035);
#2321=CIRCLE('',#3474,0.0035);
#2322=CIRCLE('',#3476,0.002);
#2323=CIRCLE('',#3477,0.002);
#2324=CIRCLE('',#3481,0.0035);
#2325=CIRCLE('',#3482,0.002);
#2326=CIRCLE('',#3484,0.002);
#2327=CIRCLE('',#3486,0.0035);
#2328=CIRCLE('',#3493,0.00165);
#2329=CIRCLE('',#3496,0.00165);
#2330=CIRCLE('',#3502,0.00165);
#2331=CIRCLE('',#3506,0.00165);
#2332=EDGE_LOOP('',(#740,#741,#742,#743));
#2333=EDGE_LOOP('',(#744,#745,#746,#747,#748,#749,#750,#751));
#2334=EDGE_LOOP('',(#752));
#2335=EDGE_LOOP('',(#753));
#2336=EDGE_LOOP('',(#754,#755,#756,#757));
#2337=EDGE_LOOP('',(#758,#759));
#2338=EDGE_LOOP('',(#760,#761,#762,#763));
#2339=EDGE_LOOP('',(#764,#765));
#2340=EDGE_LOOP('',(#766));
#2341=EDGE_LOOP('',(#767));
#2342=EDGE_LOOP('',(#768));
#2343=EDGE_LOOP('',(#769,#770,#771,#772));
#2344=EDGE_LOOP('',(#773));
#2345=EDGE_LOOP('',(#774));
#2346=EDGE_LOOP('',(#775));
#2347=EDGE_LOOP('',(#776));
#2348=EDGE_LOOP('',(#777));
#2349=EDGE_LOOP('',(#778));
#2350=EDGE_LOOP('',(#779,#780,#781,#782,#783,#784));
#2351=EDGE_LOOP('',(#785));
#2352=EDGE_LOOP('',(#786));
#2353=EDGE_LOOP('',(#787));
#2354=EDGE_LOOP('',(#788,#789,#790,#791));
#2355=EDGE_LOOP('',(#792,#793,#794,#795));
#2356=EDGE_LOOP('',(#796,#797,#798,#799));
#2357=EDGE_LOOP('',(#800,#801,#802,#803));
#2358=EDGE_LOOP('',(#804,#805,#806,#807));
#2359=EDGE_LOOP('',(#808,#809,#810,#811));
#2360=EDGE_LOOP('',(#812,#813,#814,#815));
#2361=EDGE_LOOP('',(#816,#817,#818,#819));
#2362=EDGE_LOOP('',(#820,#821,#822,#823));
#2363=EDGE_LOOP('',(#824,#825,#826,#827));
#2364=EDGE_LOOP('',(#828,#829,#830,#831));
#2365=EDGE_LOOP('',(#832));
#2366=EDGE_LOOP('',(#833,#834,#835,#836,#837,#838));
#2367=EDGE_LOOP('',(#839));
#2368=EDGE_LOOP('',(#840));
#2369=EDGE_LOOP('',(#841));
#2370=EDGE_LOOP('',(#842,#843,#844,#845));
#2371=EDGE_LOOP('',(#846));
#2372=EDGE_LOOP('',(#847,#848,#849,#850));
#2373=EDGE_LOOP('',(#851,#852,#853,#854));
#2374=EDGE_LOOP('',(#855));
#2375=EDGE_LOOP('',(#856,#857,#858,#859));
#2376=EDGE_LOOP('',(#860,#861,#862,#863));
#2377=EDGE_LOOP('',(#864,#865,#866,#867));
#2378=EDGE_LOOP('',(#868));
#2379=EDGE_LOOP('',(#869));
#2380=EDGE_LOOP('',(#870,#871,#872,#873));
#2381=EDGE_LOOP('',(#874));
#2382=EDGE_LOOP('',(#875));
#2383=EDGE_LOOP('',(#876));
#2384=EDGE_LOOP('',(#877));
#2385=EDGE_LOOP('',(#878,#879,#880,#881));
#2386=EDGE_LOOP('',(#882,#883,#884,#885,#886,#887,#888,#889,#890,#891,#892,
#893,#894,#895,#896,#897,#898,#899,#900,#901,#902,#903,#904,#905,#906));
#2387=EDGE_LOOP('',(#907,#908,#909,#910,#911));
#2388=EDGE_LOOP('',(#912,#913,#914,#915,#916,#917));
#2389=EDGE_LOOP('',(#918,#919,#920,#921));
#2390=EDGE_LOOP('',(#922,#923,#924,#925));
#2391=EDGE_LOOP('',(#926));
#2392=EDGE_LOOP('',(#927));
#2393=EDGE_LOOP('',(#928));
#2394=EDGE_LOOP('',(#929));
#2395=EDGE_LOOP('',(#930,#931,#932,#933));
#2396=EDGE_LOOP('',(#934,#935,#936,#937));
#2397=EDGE_LOOP('',(#938,#939,#940,#941));
#2398=EDGE_LOOP('',(#942,#943,#944,#945));
#2399=EDGE_LOOP('',(#946,#947,#948,#949));
#2400=EDGE_LOOP('',(#950,#951,#952,#953));
#2401=EDGE_LOOP('',(#954,#955,#956,#957,#958));
#2402=EDGE_LOOP('',(#959,#960,#961,#962,#963,#964,#965,#966,#967));
#2403=EDGE_LOOP('',(#968,#969,#970,#971));
#2404=EDGE_LOOP('',(#972,#973,#974,#975));
#2405=EDGE_LOOP('',(#976,#977,#978,#979));
#2406=EDGE_LOOP('',(#980,#981,#982,#983));
#2407=EDGE_LOOP('',(#984,#985,#986,#987));
#2408=EDGE_LOOP('',(#988,#989,#990,#991));
#2409=EDGE_LOOP('',(#992,#993,#994,#995));
#2410=EDGE_LOOP('',(#996,#997,#998,#999));
#2411=EDGE_LOOP('',(#1000,#1001,#1002,#1003));
#2412=EDGE_LOOP('',(#1004,#1005,#1006,#1007));
#2413=EDGE_LOOP('',(#1008,#1009,#1010,#1011));
#2414=EDGE_LOOP('',(#1012,#1013,#1014,#1015));
#2415=EDGE_LOOP('',(#1016,#1017,#1018,#1019));
#2416=EDGE_LOOP('',(#1020,#1021,#1022,#1023));
#2417=EDGE_LOOP('',(#1024,#1025,#1026,#1027));
#2418=EDGE_LOOP('',(#1028,#1029,#1030,#1031));
#2419=EDGE_LOOP('',(#1032,#1033,#1034,#1035,#1036,#1037,#1038,#1039));
#2420=EDGE_LOOP('',(#1040,#1041,#1042,#1043,#1044,#1045));
#2421=EDGE_LOOP('',(#1046,#1047,#1048,#1049,#1050,#1051));
#2422=EDGE_LOOP('',(#1052,#1053,#1054,#1055));
#2423=EDGE_LOOP('',(#1056,#1057,#1058,#1059));
#2424=EDGE_LOOP('',(#1060,#1061,#1062,#1063));
#2425=EDGE_LOOP('',(#1064,#1065,#1066,#1067));
#2426=EDGE_LOOP('',(#1068,#1069,#1070,#1071));
#2427=EDGE_LOOP('',(#1072,#1073,#1074,#1075));
#2428=EDGE_LOOP('',(#1076,#1077,#1078,#1079));
#2429=EDGE_LOOP('',(#1080,#1081,#1082,#1083));
#2430=EDGE_LOOP('',(#1084,#1085,#1086,#1087));
#2431=EDGE_LOOP('',(#1088));
#2432=EDGE_LOOP('',(#1089));
#2433=EDGE_LOOP('',(#1090));
#2434=EDGE_LOOP('',(#1091));
#2435=EDGE_LOOP('',(#1092));
#2436=EDGE_LOOP('',(#1093));
#2437=EDGE_LOOP('',(#1094));
#2438=EDGE_LOOP('',(#1095));
#2439=EDGE_LOOP('',(#1096));
#2440=EDGE_LOOP('',(#1097));
#2441=EDGE_LOOP('',(#1098));
#2442=EDGE_LOOP('',(#1099));
#2443=EDGE_LOOP('',(#1100));
#2444=EDGE_LOOP('',(#1101));
#2445=EDGE_LOOP('',(#1102));
#2446=EDGE_LOOP('',(#1103));
#2447=EDGE_LOOP('',(#1104,#1105,#1106,#1107));
#2448=EDGE_LOOP('',(#1108,#1109,#1110,#1111));
#2449=EDGE_LOOP('',(#1112,#1113,#1114,#1115,#1116,#1117,#1118,#1119,#1120,
#1121,#1122,#1123));
#2450=EDGE_LOOP('',(#1124,#1125,#1126,#1127));
#2451=EDGE_LOOP('',(#1128,#1129,#1130,#1131));
#2452=EDGE_LOOP('',(#1132,#1133,#1134,#1135));
#2453=EDGE_LOOP('',(#1136,#1137,#1138,#1139));
#2454=EDGE_LOOP('',(#1140,#1141,#1142,#1143));
#2455=EDGE_LOOP('',(#1144));
#2456=EDGE_LOOP('',(#1145,#1146,#1147,#1148,#1149,#1150,#1151,#1152,#1153,
#1154));
#2457=EDGE_LOOP('',(#1155));
#2458=EDGE_LOOP('',(#1156));
#2459=EDGE_LOOP('',(#1157,#1158));
#2460=EDGE_LOOP('',(#1159,#1160,#1161,#1162));
#2461=EDGE_LOOP('',(#1163));
#2462=EDGE_LOOP('',(#1164,#1165,#1166,#1167));
#2463=EDGE_LOOP('',(#1168));
#2464=EDGE_LOOP('',(#1169));
#2465=EDGE_LOOP('',(#1170));
#2466=EDGE_LOOP('',(#1171));
#2467=EDGE_LOOP('',(#1172));
#2468=EDGE_LOOP('',(#1173,#1174,#1175,#1176));
#2469=EDGE_LOOP('',(#1177));
#2470=EDGE_LOOP('',(#1178,#1179,#1180,#1181));
#2471=EDGE_LOOP('',(#1182));
#2472=EDGE_LOOP('',(#1183));
#2473=EDGE_LOOP('',(#1184,#1185,#1186,#1187));
#2474=EDGE_LOOP('',(#1188,#1189,#1190,#1191));
#2475=EDGE_LOOP('',(#1192,#1193,#1194,#1195));
#2476=EDGE_LOOP('',(#1196,#1197,#1198,#1199));
#2477=EDGE_LOOP('',(#1200));
#2478=EDGE_LOOP('',(#1201));
#2479=EDGE_LOOP('',(#1202));
#2480=EDGE_LOOP('',(#1203));
#2481=EDGE_LOOP('',(#1204,#1205,#1206,#1207));
#2482=EDGE_LOOP('',(#1208,#1209,#1210,#1211));
#2483=EDGE_LOOP('',(#1212,#1213,#1214,#1215));
#2484=EDGE_LOOP('',(#1216,#1217,#1218,#1219));
#2485=EDGE_LOOP('',(#1220));
#2486=EDGE_LOOP('',(#1221,#1222,#1223,#1224,#1225,#1226,#1227,#1228,#1229,
#1230,#1231,#1232,#1233,#1234));
#2487=EDGE_LOOP('',(#1235,#1236,#1237,#1238));
#2488=EDGE_LOOP('',(#1239));
#2489=EDGE_LOOP('',(#1240,#1241,#1242,#1243,#1244,#1245,#1246,#1247,#1248,
#1249,#1250,#1251,#1252,#1253));
#2490=EDGE_LOOP('',(#1254,#1255,#1256,#1257));
#2491=EDGE_LOOP('',(#1258,#1259,#1260,#1261));
#2492=EDGE_LOOP('',(#1262,#1263,#1264,#1265));
#2493=EDGE_LOOP('',(#1266,#1267,#1268,#1269));
#2494=EDGE_LOOP('',(#1270,#1271,#1272,#1273));
#2495=EDGE_LOOP('',(#1274,#1275,#1276,#1277));
#2496=EDGE_LOOP('',(#1278,#1279,#1280,#1281));
#2497=EDGE_LOOP('',(#1282,#1283,#1284,#1285));
#2498=EDGE_LOOP('',(#1286,#1287,#1288,#1289));
#2499=EDGE_LOOP('',(#1290,#1291,#1292,#1293));
#2500=EDGE_LOOP('',(#1294,#1295,#1296,#1297));
#2501=EDGE_LOOP('',(#1298,#1299,#1300,#1301));
#2502=EDGE_LOOP('',(#1302,#1303,#1304,#1305));
#2503=EDGE_LOOP('',(#1306,#1307,#1308,#1309));
#2504=EDGE_LOOP('',(#1310,#1311,#1312,#1313));
#2505=EDGE_LOOP('',(#1314));
#2506=EDGE_LOOP('',(#1315));
#2507=EDGE_LOOP('',(#1316));
#2508=EDGE_LOOP('',(#1317,#1318,#1319,#1320));
#2509=EDGE_LOOP('',(#1321));
#2510=EDGE_LOOP('',(#1322,#1323,#1324,#1325));
#2511=EDGE_LOOP('',(#1326));
#2512=EDGE_LOOP('',(#1327));
#2513=EDGE_LOOP('',(#1328,#1329,#1330,#1331));
#2514=EDGE_LOOP('',(#1332,#1333,#1334,#1335));
#2515=EDGE_LOOP('',(#1336,#1337,#1338,#1339));
#2516=EDGE_LOOP('',(#1340,#1341,#1342,#1343));
#2517=EDGE_LOOP('',(#1344));
#2518=EDGE_LOOP('',(#1345));
#2519=EDGE_LOOP('',(#1346));
#2520=EDGE_LOOP('',(#1347));
#2521=EDGE_LOOP('',(#1348,#1349,#1350,#1351,#1352,#1353));
#2522=EDGE_LOOP('',(#1354,#1355,#1356,#1357));
#2523=EDGE_LOOP('',(#1358,#1359,#1360,#1361,#1362,#1363,#1364,#1365,#1366,
#1367,#1368,#1369,#1370,#1371));
#2524=EDGE_LOOP('',(#1372,#1373,#1374,#1375,#1376,#1377,#1378));
#2525=EDGE_LOOP('',(#1379,#1380,#1381,#1382));
#2526=EDGE_LOOP('',(#1383,#1384,#1385,#1386));
#2527=EDGE_LOOP('',(#1387,#1388,#1389,#1390));
#2528=EDGE_LOOP('',(#1391,#1392,#1393,#1394));
#2529=EDGE_LOOP('',(#1395));
#2530=EDGE_LOOP('',(#1396));
#2531=EDGE_LOOP('',(#1397));
#2532=EDGE_LOOP('',(#1398));
#2533=EDGE_LOOP('',(#1399,#1400,#1401,#1402,#1403,#1404,#1405,#1406,#1407,
#1408,#1409,#1410,#1411,#1412,#1413,#1414,#1415,#1416,#1417,#1418));
#2534=EDGE_LOOP('',(#1419,#1420,#1421,#1422));
#2535=EDGE_LOOP('',(#1423));
#2536=EDGE_LOOP('',(#1424));
#2537=EDGE_LOOP('',(#1425,#1426,#1427,#1428,#1429,#1430));
#2538=EDGE_LOOP('',(#1431,#1432,#1433,#1434,#1435,#1436,#1437,#1438));
#2539=EDGE_LOOP('',(#1439,#1440,#1441,#1442,#1443,#1444,#1445,#1446,#1447,
#1448,#1449,#1450,#1451,#1452,#1453,#1454));
#2540=EDGE_LOOP('',(#1455));
#2541=EDGE_LOOP('',(#1456));
#2542=EDGE_LOOP('',(#1457));
#2543=EDGE_LOOP('',(#1458));
#2544=EDGE_LOOP('',(#1459,#1460,#1461,#1462));
#2545=EDGE_LOOP('',(#1463,#1464,#1465,#1466,#1467,#1468,#1469));
#2546=EDGE_LOOP('',(#1470));
#2547=EDGE_LOOP('',(#1471,#1472,#1473,#1474));
#2548=EDGE_LOOP('',(#1475,#1476,#1477,#1478));
#2549=EDGE_LOOP('',(#1479,#1480,#1481,#1482));
#2550=EDGE_LOOP('',(#1483));
#2551=EDGE_LOOP('',(#1484,#1485,#1486,#1487));
#2552=EDGE_LOOP('',(#1488));
#2553=EDGE_LOOP('',(#1489,#1490,#1491,#1492));
#2554=EDGE_LOOP('',(#1493,#1494,#1495,#1496));
#2555=EDGE_LOOP('',(#1497));
#2556=EDGE_LOOP('',(#1498,#1499,#1500,#1501));
#2557=EDGE_LOOP('',(#1502,#1503,#1504,#1505));
#2558=EDGE_LOOP('',(#1506,#1507,#1508,#1509));
#2559=EDGE_LOOP('',(#1510));
#2560=EDGE_LOOP('',(#1511));
#2561=EDGE_LOOP('',(#1512));
#2562=EDGE_LOOP('',(#1513));
#2563=EDGE_LOOP('',(#1514));
#2564=EDGE_LOOP('',(#1515,#1516,#1517,#1518));
#2565=EDGE_LOOP('',(#1519,#1520,#1521,#1522));
#2566=EDGE_LOOP('',(#1523,#1524,#1525,#1526));
#2567=EDGE_LOOP('',(#1527));
#2568=EDGE_LOOP('',(#1528,#1529,#1530,#1531));
#2569=EDGE_LOOP('',(#1532,#1533,#1534,#1535));
#2570=EDGE_LOOP('',(#1536,#1537,#1538,#1539));
#2571=EDGE_LOOP('',(#1540));
#2572=EDGE_LOOP('',(#1541));
#2573=EDGE_LOOP('',(#1542));
#2574=EDGE_LOOP('',(#1543));
#2575=EDGE_LOOP('',(#1544,#1545,#1546,#1547));
#2576=EDGE_LOOP('',(#1548,#1549,#1550,#1551));
#2577=FACE_BOUND('',#2332,.T.);
#2578=FACE_BOUND('',#2333,.T.);
#2579=FACE_BOUND('',#2334,.T.);
#2580=FACE_BOUND('',#2335,.T.);
#2581=FACE_BOUND('',#2336,.T.);
#2582=FACE_BOUND('',#2337,.T.);
#2583=FACE_BOUND('',#2338,.T.);
#2584=FACE_BOUND('',#2339,.T.);
#2585=FACE_BOUND('',#2340,.T.);
#2586=FACE_BOUND('',#2341,.T.);
#2587=FACE_BOUND('',#2342,.T.);
#2588=FACE_BOUND('',#2343,.T.);
#2589=FACE_BOUND('',#2344,.T.);
#2590=FACE_BOUND('',#2345,.T.);
#2591=FACE_BOUND('',#2346,.T.);
#2592=FACE_BOUND('',#2347,.T.);
#2593=FACE_BOUND('',#2348,.T.);
#2594=FACE_BOUND('',#2349,.T.);
#2595=FACE_BOUND('',#2350,.T.);
#2596=FACE_BOUND('',#2351,.T.);
#2597=FACE_BOUND('',#2352,.T.);
#2598=FACE_BOUND('',#2353,.T.);
#2599=FACE_BOUND('',#2354,.T.);
#2600=FACE_BOUND('',#2355,.T.);
#2601=FACE_BOUND('',#2356,.T.);
#2602=FACE_BOUND('',#2357,.T.);
#2603=FACE_BOUND('',#2358,.T.);
#2604=FACE_BOUND('',#2359,.T.);
#2605=FACE_BOUND('',#2360,.T.);
#2606=FACE_BOUND('',#2361,.T.);
#2607=FACE_BOUND('',#2362,.T.);
#2608=FACE_BOUND('',#2363,.T.);
#2609=FACE_BOUND('',#2364,.T.);
#2610=FACE_BOUND('',#2365,.T.);
#2611=FACE_BOUND('',#2366,.T.);
#2612=FACE_BOUND('',#2367,.T.);
#2613=FACE_BOUND('',#2368,.T.);
#2614=FACE_BOUND('',#2369,.T.);
#2615=FACE_BOUND('',#2370,.T.);
#2616=FACE_BOUND('',#2371,.T.);
#2617=FACE_BOUND('',#2372,.T.);
#2618=FACE_BOUND('',#2373,.T.);
#2619=FACE_BOUND('',#2374,.T.);
#2620=FACE_BOUND('',#2375,.T.);
#2621=FACE_BOUND('',#2376,.T.);
#2622=FACE_BOUND('',#2377,.T.);
#2623=FACE_BOUND('',#2378,.T.);
#2624=FACE_BOUND('',#2379,.T.);
#2625=FACE_BOUND('',#2380,.T.);
#2626=FACE_BOUND('',#2381,.T.);
#2627=FACE_BOUND('',#2382,.T.);
#2628=FACE_BOUND('',#2383,.T.);
#2629=FACE_BOUND('',#2384,.T.);
#2630=FACE_BOUND('',#2385,.T.);
#2631=FACE_BOUND('',#2386,.T.);
#2632=FACE_BOUND('',#2387,.T.);
#2633=FACE_BOUND('',#2388,.T.);
#2634=FACE_BOUND('',#2389,.T.);
#2635=FACE_BOUND('',#2390,.T.);
#2636=FACE_BOUND('',#2391,.T.);
#2637=FACE_BOUND('',#2392,.T.);
#2638=FACE_BOUND('',#2393,.T.);
#2639=FACE_BOUND('',#2394,.T.);
#2640=FACE_BOUND('',#2395,.T.);
#2641=FACE_BOUND('',#2396,.T.);
#2642=FACE_BOUND('',#2397,.T.);
#2643=FACE_BOUND('',#2398,.T.);
#2644=FACE_BOUND('',#2399,.T.);
#2645=FACE_BOUND('',#2400,.T.);
#2646=FACE_BOUND('',#2401,.T.);
#2647=FACE_BOUND('',#2402,.T.);
#2648=FACE_BOUND('',#2403,.T.);
#2649=FACE_BOUND('',#2404,.T.);
#2650=FACE_BOUND('',#2405,.T.);
#2651=FACE_BOUND('',#2406,.T.);
#2652=FACE_BOUND('',#2407,.T.);
#2653=FACE_BOUND('',#2408,.T.);
#2654=FACE_BOUND('',#2409,.T.);
#2655=FACE_BOUND('',#2410,.T.);
#2656=FACE_BOUND('',#2411,.T.);
#2657=FACE_BOUND('',#2412,.T.);
#2658=FACE_BOUND('',#2413,.T.);
#2659=FACE_BOUND('',#2414,.T.);
#2660=FACE_BOUND('',#2415,.T.);
#2661=FACE_BOUND('',#2416,.T.);
#2662=FACE_BOUND('',#2417,.T.);
#2663=FACE_BOUND('',#2418,.T.);
#2664=FACE_BOUND('',#2419,.T.);
#2665=FACE_BOUND('',#2420,.T.);
#2666=FACE_BOUND('',#2421,.T.);
#2667=FACE_BOUND('',#2422,.T.);
#2668=FACE_BOUND('',#2423,.T.);
#2669=FACE_BOUND('',#2424,.T.);
#2670=FACE_BOUND('',#2425,.T.);
#2671=FACE_BOUND('',#2426,.T.);
#2672=FACE_BOUND('',#2427,.T.);
#2673=FACE_BOUND('',#2428,.T.);
#2674=FACE_BOUND('',#2429,.T.);
#2675=FACE_BOUND('',#2430,.T.);
#2676=FACE_BOUND('',#2431,.T.);
#2677=FACE_BOUND('',#2432,.T.);
#2678=FACE_BOUND('',#2433,.T.);
#2679=FACE_BOUND('',#2434,.T.);
#2680=FACE_BOUND('',#2435,.T.);
#2681=FACE_BOUND('',#2436,.T.);
#2682=FACE_BOUND('',#2437,.T.);
#2683=FACE_BOUND('',#2438,.T.);
#2684=FACE_BOUND('',#2439,.T.);
#2685=FACE_BOUND('',#2440,.T.);
#2686=FACE_BOUND('',#2441,.T.);
#2687=FACE_BOUND('',#2442,.T.);
#2688=FACE_BOUND('',#2443,.T.);
#2689=FACE_BOUND('',#2444,.T.);
#2690=FACE_BOUND('',#2445,.T.);
#2691=FACE_BOUND('',#2446,.T.);
#2692=FACE_BOUND('',#2447,.T.);
#2693=FACE_BOUND('',#2448,.T.);
#2694=FACE_BOUND('',#2449,.T.);
#2695=FACE_BOUND('',#2450,.T.);
#2696=FACE_BOUND('',#2451,.T.);
#2697=FACE_BOUND('',#2452,.T.);
#2698=FACE_BOUND('',#2453,.T.);
#2699=FACE_BOUND('',#2454,.T.);
#2700=FACE_BOUND('',#2455,.T.);
#2701=FACE_BOUND('',#2456,.T.);
#2702=FACE_BOUND('',#2457,.T.);
#2703=FACE_BOUND('',#2458,.T.);
#2704=FACE_BOUND('',#2459,.T.);
#2705=FACE_BOUND('',#2460,.T.);
#2706=FACE_BOUND('',#2461,.T.);
#2707=FACE_BOUND('',#2462,.T.);
#2708=FACE_BOUND('',#2463,.T.);
#2709=FACE_BOUND('',#2464,.T.);
#2710=FACE_BOUND('',#2465,.T.);
#2711=FACE_BOUND('',#2466,.T.);
#2712=FACE_BOUND('',#2467,.T.);
#2713=FACE_BOUND('',#2468,.T.);
#2714=FACE_BOUND('',#2469,.T.);
#2715=FACE_BOUND('',#2470,.T.);
#2716=FACE_BOUND('',#2471,.T.);
#2717=FACE_BOUND('',#2472,.T.);
#2718=FACE_BOUND('',#2473,.T.);
#2719=FACE_BOUND('',#2474,.T.);
#2720=FACE_BOUND('',#2475,.T.);
#2721=FACE_BOUND('',#2476,.T.);
#2722=FACE_BOUND('',#2477,.T.);
#2723=FACE_BOUND('',#2478,.T.);
#2724=FACE_BOUND('',#2479,.T.);
#2725=FACE_BOUND('',#2480,.T.);
#2726=FACE_BOUND('',#2481,.T.);
#2727=FACE_BOUND('',#2482,.T.);
#2728=FACE_BOUND('',#2483,.T.);
#2729=FACE_BOUND('',#2484,.T.);
#2730=FACE_BOUND('',#2485,.T.);
#2731=FACE_BOUND('',#2486,.T.);
#2732=FACE_BOUND('',#2487,.T.);
#2733=FACE_BOUND('',#2488,.T.);
#2734=FACE_BOUND('',#2489,.T.);
#2735=FACE_BOUND('',#2490,.T.);
#2736=FACE_BOUND('',#2491,.T.);
#2737=FACE_BOUND('',#2492,.T.);
#2738=FACE_BOUND('',#2493,.T.);
#2739=FACE_BOUND('',#2494,.T.);
#2740=FACE_BOUND('',#2495,.T.);
#2741=FACE_BOUND('',#2496,.T.);
#2742=FACE_BOUND('',#2497,.T.);
#2743=FACE_BOUND('',#2498,.T.);
#2744=FACE_BOUND('',#2499,.T.);
#2745=FACE_BOUND('',#2500,.T.);
#2746=FACE_BOUND('',#2501,.T.);
#2747=FACE_BOUND('',#2502,.T.);
#2748=FACE_BOUND('',#2503,.T.);
#2749=FACE_BOUND('',#2504,.T.);
#2750=FACE_BOUND('',#2505,.T.);
#2751=FACE_BOUND('',#2506,.T.);
#2752=FACE_BOUND('',#2507,.T.);
#2753=FACE_BOUND('',#2508,.T.);
#2754=FACE_BOUND('',#2509,.T.);
#2755=FACE_BOUND('',#2510,.T.);
#2756=FACE_BOUND('',#2511,.T.);
#2757=FACE_BOUND('',#2512,.T.);
#2758=FACE_BOUND('',#2513,.T.);
#2759=FACE_BOUND('',#2514,.T.);
#2760=FACE_BOUND('',#2515,.T.);
#2761=FACE_BOUND('',#2516,.T.);
#2762=FACE_BOUND('',#2517,.T.);
#2763=FACE_BOUND('',#2518,.T.);
#2764=FACE_BOUND('',#2519,.T.);
#2765=FACE_BOUND('',#2520,.T.);
#2766=FACE_BOUND('',#2521,.T.);
#2767=FACE_BOUND('',#2522,.T.);
#2768=FACE_BOUND('',#2523,.T.);
#2769=FACE_BOUND('',#2524,.T.);
#2770=FACE_BOUND('',#2525,.T.);
#2771=FACE_BOUND('',#2526,.T.);
#2772=FACE_BOUND('',#2527,.T.);
#2773=FACE_BOUND('',#2528,.T.);
#2774=FACE_BOUND('',#2529,.T.);
#2775=FACE_BOUND('',#2530,.T.);
#2776=FACE_BOUND('',#2531,.T.);
#2777=FACE_BOUND('',#2532,.T.);
#2778=FACE_BOUND('',#2533,.T.);
#2779=FACE_BOUND('',#2534,.T.);
#2780=FACE_BOUND('',#2535,.T.);
#2781=FACE_BOUND('',#2536,.T.);
#2782=FACE_BOUND('',#2537,.T.);
#2783=FACE_BOUND('',#2538,.T.);
#2784=FACE_BOUND('',#2539,.T.);
#2785=FACE_BOUND('',#2540,.T.);
#2786=FACE_BOUND('',#2541,.T.);
#2787=FACE_BOUND('',#2542,.T.);
#2788=FACE_BOUND('',#2543,.T.);
#2789=FACE_BOUND('',#2544,.T.);
#2790=FACE_BOUND('',#2545,.T.);
#2791=FACE_BOUND('',#2546,.T.);
#2792=FACE_BOUND('',#2547,.T.);
#2793=FACE_BOUND('',#2548,.T.);
#2794=FACE_BOUND('',#2549,.T.);
#2795=FACE_BOUND('',#2550,.T.);
#2796=FACE_BOUND('',#2551,.T.);
#2797=FACE_BOUND('',#2552,.T.);
#2798=FACE_BOUND('',#2553,.T.);
#2799=FACE_BOUND('',#2554,.T.);
#2800=FACE_BOUND('',#2555,.T.);
#2801=FACE_BOUND('',#2556,.T.);
#2802=FACE_BOUND('',#2557,.T.);
#2803=FACE_BOUND('',#2558,.T.);
#2804=FACE_BOUND('',#2559,.T.);
#2805=FACE_BOUND('',#2560,.T.);
#2806=FACE_BOUND('',#2561,.T.);
#2807=FACE_BOUND('',#2562,.T.);
#2808=FACE_BOUND('',#2563,.T.);
#2809=FACE_BOUND('',#2564,.T.);
#2810=FACE_BOUND('',#2565,.T.);
#2811=FACE_BOUND('',#2566,.T.);
#2812=FACE_BOUND('',#2567,.T.);
#2813=FACE_BOUND('',#2568,.T.);
#2814=FACE_BOUND('',#2569,.T.);
#2815=FACE_BOUND('',#2570,.T.);
#2816=FACE_BOUND('',#2571,.T.);
#2817=FACE_BOUND('',#2572,.T.);
#2818=FACE_BOUND('',#2573,.T.);
#2819=FACE_BOUND('',#2574,.T.);
#2820=FACE_BOUND('',#2575,.T.);
#2821=FACE_BOUND('',#2576,.T.);
#2822=PLANE('',#3241);
#2823=PLANE('',#3248);
#2824=PLANE('',#3249);
#2825=PLANE('',#3250);
#2826=PLANE('',#3251);
#2827=PLANE('',#3252);
#2828=PLANE('',#3257);
#2829=PLANE('',#3264);
#2830=PLANE('',#3266);
#2831=PLANE('',#3275);
#2832=PLANE('',#3278);
#2833=PLANE('',#3281);
#2834=PLANE('',#3282);
#2835=PLANE('',#3283);
#2836=PLANE('',#3284);
#2837=PLANE('',#3285);
#2838=PLANE('',#3286);
#2839=PLANE('',#3287);
#2840=PLANE('',#3288);
#2841=PLANE('',#3291);
#2842=PLANE('',#3293);
#2843=PLANE('',#3294);
#2844=PLANE('',#3296);
#2845=PLANE('',#3297);
#2846=PLANE('',#3299);
#2847=PLANE('',#3300);
#2848=PLANE('',#3303);
#2849=PLANE('',#3304);
#2850=PLANE('',#3311);
#2851=PLANE('',#3312);
#2852=PLANE('',#3313);
#2853=PLANE('',#3314);
#2854=PLANE('',#3315);
#2855=PLANE('',#3324);
#2856=PLANE('',#3325);
#2857=PLANE('',#3326);
#2858=PLANE('',#3327);
#2859=PLANE('',#3328);
#2860=PLANE('',#3329);
#2861=PLANE('',#3330);
#2862=PLANE('',#3331);
#2863=PLANE('',#3332);
#2864=PLANE('',#3333);
#2865=PLANE('',#3334);
#2866=PLANE('',#3335);
#2867=PLANE('',#3336);
#2868=PLANE('',#3337);
#2869=PLANE('',#3338);
#2870=PLANE('',#3345);
#2871=PLANE('',#3346);
#2872=PLANE('',#3347);
#2873=PLANE('',#3348);
#2874=PLANE('',#3349);
#2875=PLANE('',#3350);
#2876=PLANE('',#3351);
#2877=PLANE('',#3352);
#2878=PLANE('',#3353);
#2879=PLANE('',#3354);
#2880=PLANE('',#3355);
#2881=PLANE('',#3356);
#2882=PLANE('',#3365);
#2883=PLANE('',#3366);
#2884=PLANE('',#3374);
#2885=PLANE('',#3375);
#2886=PLANE('',#3383);
#2887=PLANE('',#3387);
#2888=PLANE('',#3388);
#2889=PLANE('',#3392);
#2890=PLANE('',#3394);
#2891=PLANE('',#3395);
#2892=PLANE('',#3396);
#2893=PLANE('',#3399);
#2894=PLANE('',#3401);
#2895=PLANE('',#3404);
#2896=PLANE('',#3407);
#2897=PLANE('',#3408);
#2898=PLANE('',#3409);
#2899=PLANE('',#3410);
#2900=PLANE('',#3414);
#2901=PLANE('',#3415);
#2902=PLANE('',#3416);
#2903=PLANE('',#3420);
#2904=PLANE('',#3422);
#2905=PLANE('',#3423);
#2906=PLANE('',#3427);
#2907=PLANE('',#3430);
#2908=PLANE('',#3433);
#2909=PLANE('',#3434);
#2910=PLANE('',#3435);
#2911=PLANE('',#3436);
#2912=PLANE('',#3437);
#2913=PLANE('',#3438);
#2914=PLANE('',#3439);
#2915=PLANE('',#3440);
#2916=PLANE('',#3441);
#2917=PLANE('',#3444);
#2918=PLANE('',#3447);
#2919=PLANE('',#3450);
#2920=PLANE('',#3451);
#2921=PLANE('',#3452);
#2922=PLANE('',#3453);
#2923=PLANE('',#3457);
#2924=PLANE('',#3461);
#2925=PLANE('',#3462);
#2926=PLANE('',#3463);
#2927=PLANE('',#3464);
#2928=PLANE('',#3465);
#2929=PLANE('',#3466);
#2930=PLANE('',#3467);
#2931=PLANE('',#3478);
#2932=PLANE('',#3479);
#2933=PLANE('',#3480);
#2934=PLANE('',#3487);
#2935=PLANE('',#3488);
#2936=PLANE('',#3489);
#2937=PLANE('',#3490);
#2938=PLANE('',#3491);
#2939=PLANE('',#3492);
#2940=PLANE('',#3494);
#2941=PLANE('',#3495);
#2942=PLANE('',#3497);
#2943=PLANE('',#3498);
#2944=PLANE('',#3501);
#2945=PLANE('',#3503);
#2946=PLANE('',#3504);
#2947=PLANE('',#3505);
#2948=PLANE('',#3507);
#2949=PLANE('',#3508);
#2950=PLANE('',#3511);
#2951=PLANE('',#3512);
#2952=ADVANCED_FACE('',(#2577),#2822,.T.);
#2953=ADVANCED_FACE('',(#2578,#2579),#74,.T.);
#2954=ADVANCED_FACE('',(#2580),#2823,.F.);
#2955=ADVANCED_FACE('',(#2581),#2824,.F.);
#2956=ADVANCED_FACE('',(#2582),#2825,.T.);
#2957=ADVANCED_FACE('',(#2583),#2826,.T.);
#2958=ADVANCED_FACE('',(#2584),#2827,.T.);
#2959=ADVANCED_FACE('',(#2585,#2586),#75,.F.);
#2960=ADVANCED_FACE('',(#2587,#2588),#2828,.T.);
#2961=ADVANCED_FACE('',(#2589,#2590),#76,.T.);
#2962=ADVANCED_FACE('',(#2591,#2592),#2829,.T.);
#2963=ADVANCED_FACE('',(#2593,#2594),#2830,.F.);
#2964=ADVANCED_FACE('',(#2595,#2596,#2597),#77,.T.);
#2965=ADVANCED_FACE('',(#2598,#2599),#2831,.T.);
#2966=ADVANCED_FACE('',(#2600),#78,.F.);
#2967=ADVANCED_FACE('',(#2601),#2832,.F.);
#2968=ADVANCED_FACE('',(#2602),#79,.F.);
#2969=ADVANCED_FACE('',(#2603),#2833,.T.);
#2970=ADVANCED_FACE('',(#2604),#2834,.F.);
#2971=ADVANCED_FACE('',(#2605),#2835,.F.);
#2972=ADVANCED_FACE('',(#2606),#2836,.F.);
#2973=ADVANCED_FACE('',(#2607),#2837,.F.);
#2974=ADVANCED_FACE('',(#2608),#2838,.F.);
#2975=ADVANCED_FACE('',(#2609),#2839,.F.);
#2976=ADVANCED_FACE('',(#2610,#2611),#2840,.T.);
#2977=ADVANCED_FACE('',(#2612,#2613),#80,.F.);
#2978=ADVANCED_FACE('',(#2614),#2841,.T.);
#2979=ADVANCED_FACE('',(#2615),#2842,.F.);
#2980=ADVANCED_FACE('',(#2616,#2617),#2843,.F.);
#2981=ADVANCED_FACE('',(#2618),#2844,.F.);
#2982=ADVANCED_FACE('',(#2619,#2620),#2845,.T.);
#2983=ADVANCED_FACE('',(#2621),#2846,.T.);
#2984=ADVANCED_FACE('',(#2622),#2847,.F.);
#2985=ADVANCED_FACE('',(#2623,#2624),#81,.F.);
#2986=ADVANCED_FACE('',(#2625),#2848,.T.);
#2987=ADVANCED_FACE('',(#2626,#2627,#2628,#2629,#2630,#2631),#2849,.T.);
#2988=ADVANCED_FACE('',(#2632),#2850,.F.);
#2989=ADVANCED_FACE('',(#2633),#2851,.T.);
#2990=ADVANCED_FACE('',(#2634),#2852,.T.);
#2991=ADVANCED_FACE('',(#2635),#2853,.F.);
#2992=ADVANCED_FACE('',(#2636,#2637,#2638,#2639,#2640,#2641,#2642,#2643),
#2854,.F.);
#2993=ADVANCED_FACE('',(#2644),#82,.T.);
#2994=ADVANCED_FACE('',(#2645),#2855,.T.);
#2995=ADVANCED_FACE('',(#2646),#2856,.T.);
#2996=ADVANCED_FACE('',(#2647),#2857,.T.);
#2997=ADVANCED_FACE('',(#2648),#2858,.T.);
#2998=ADVANCED_FACE('',(#2649),#2859,.T.);
#2999=ADVANCED_FACE('',(#2650),#2860,.T.);
#3000=ADVANCED_FACE('',(#2651),#2861,.T.);
#3001=ADVANCED_FACE('',(#2652),#2862,.F.);
#3002=ADVANCED_FACE('',(#2653),#2863,.F.);
#3003=ADVANCED_FACE('',(#2654),#2864,.F.);
#3004=ADVANCED_FACE('',(#2655),#2865,.F.);
#3005=ADVANCED_FACE('',(#2656),#2866,.F.);
#3006=ADVANCED_FACE('',(#2657),#2867,.F.);
#3007=ADVANCED_FACE('',(#2658),#2868,.F.);
#3008=ADVANCED_FACE('',(#2659),#2869,.F.);
#3009=ADVANCED_FACE('',(#2660),#83,.F.);
#3010=ADVANCED_FACE('',(#2661),#84,.T.);
#3011=ADVANCED_FACE('',(#2662),#85,.F.);
#3012=ADVANCED_FACE('',(#2663,#2664),#2870,.T.);
#3013=ADVANCED_FACE('',(#2665),#2871,.T.);
#3014=ADVANCED_FACE('',(#2666),#2872,.F.);
#3015=ADVANCED_FACE('',(#2667),#2873,.T.);
#3016=ADVANCED_FACE('',(#2668),#2874,.T.);
#3017=ADVANCED_FACE('',(#2669),#2875,.T.);
#3018=ADVANCED_FACE('',(#2670),#2876,.F.);
#3019=ADVANCED_FACE('',(#2671),#2877,.T.);
#3020=ADVANCED_FACE('',(#2672),#2878,.T.);
#3021=ADVANCED_FACE('',(#2673),#2879,.T.);
#3022=ADVANCED_FACE('',(#2674),#2880,.T.);
#3023=ADVANCED_FACE('',(#2675),#2881,.T.);
#3024=ADVANCED_FACE('',(#2676,#2677),#86,.F.);
#3025=ADVANCED_FACE('',(#2678,#2679),#87,.F.);
#3026=ADVANCED_FACE('',(#2680,#2681),#88,.F.);
#3027=ADVANCED_FACE('',(#2682,#2683),#89,.F.);
#3028=ADVANCED_FACE('',(#2684,#2685),#90,.T.);
#3029=ADVANCED_FACE('',(#2686),#2882,.T.);
#3030=ADVANCED_FACE('',(#2687),#2883,.F.);
#3031=ADVANCED_FACE('',(#2688,#2689),#91,.F.);
#3032=ADVANCED_FACE('',(#2690,#2691),#92,.F.);
#3033=ADVANCED_FACE('',(#2692),#2884,.F.);
#3034=ADVANCED_FACE('',(#2693),#2885,.T.);
#3035=ADVANCED_FACE('',(#2694),#93,.T.);
#3036=ADVANCED_FACE('',(#2695),#2886,.T.);
#3037=ADVANCED_FACE('',(#2696),#94,.T.);
#3038=ADVANCED_FACE('',(#2697),#2887,.F.);
#3039=ADVANCED_FACE('',(#2698),#2888,.T.);
#3040=ADVANCED_FACE('',(#2699),#95,.T.);
#3041=ADVANCED_FACE('',(#2700,#2701,#2702,#2703),#2889,.T.);
#3042=ADVANCED_FACE('',(#2704),#2890,.F.);
#3043=ADVANCED_FACE('',(#2705,#2706),#2891,.T.);
#3044=ADVANCED_FACE('',(#2707,#2708),#2892,.T.);
#3045=ADVANCED_FACE('',(#2709,#2710),#96,.T.);
#3046=ADVANCED_FACE('',(#2711),#2893,.T.);
#3047=ADVANCED_FACE('',(#2712,#2713,#2714),#2894,.T.);
#3048=ADVANCED_FACE('',(#2715,#2716,#2717),#2895,.F.);
#3049=ADVANCED_FACE('',(#2718),#2896,.T.);
#3050=ADVANCED_FACE('',(#2719),#2897,.F.);
#3051=ADVANCED_FACE('',(#2720),#2898,.F.);
#3052=ADVANCED_FACE('',(#2721),#2899,.T.);
#3053=ADVANCED_FACE('',(#2722,#2723),#97,.F.);
#3054=ADVANCED_FACE('',(#2724,#2725),#98,.F.);
#3055=ADVANCED_FACE('',(#2726),#2900,.F.);
#3056=ADVANCED_FACE('',(#2727),#2901,.T.);
#3057=ADVANCED_FACE('',(#2728,#2729),#2902,.F.);
#3058=ADVANCED_FACE('',(#2730,#2731),#2903,.T.);
#3059=ADVANCED_FACE('',(#2732),#2904,.T.);
#3060=ADVANCED_FACE('',(#2733,#2734),#2905,.F.);
#3061=ADVANCED_FACE('',(#2735),#99,.F.);
#3062=ADVANCED_FACE('',(#2736),#2906,.T.);
#3063=ADVANCED_FACE('',(#2737),#100,.F.);
#3064=ADVANCED_FACE('',(#2738),#2907,.F.);
#3065=ADVANCED_FACE('',(#2739),#101,.T.);
#3066=ADVANCED_FACE('',(#2740,#2741),#2908,.T.);
#3067=ADVANCED_FACE('',(#2742),#2909,.F.);
#3068=ADVANCED_FACE('',(#2743),#2910,.T.);
#3069=ADVANCED_FACE('',(#2744),#2911,.F.);
#3070=ADVANCED_FACE('',(#2745),#2912,.T.);
#3071=ADVANCED_FACE('',(#2746),#2913,.T.);
#3072=ADVANCED_FACE('',(#2747),#2914,.T.);
#3073=ADVANCED_FACE('',(#2748),#2915,.F.);
#3074=ADVANCED_FACE('',(#2749),#2916,.T.);
#3075=ADVANCED_FACE('',(#2750,#2751),#102,.F.);
#3076=ADVANCED_FACE('',(#2752,#2753,#2754),#2917,.T.);
#3077=ADVANCED_FACE('',(#2755,#2756,#2757),#2918,.F.);
#3078=ADVANCED_FACE('',(#2758),#2919,.T.);
#3079=ADVANCED_FACE('',(#2759),#2920,.F.);
#3080=ADVANCED_FACE('',(#2760),#2921,.F.);
#3081=ADVANCED_FACE('',(#2761),#2922,.T.);
#3082=ADVANCED_FACE('',(#2762,#2763),#103,.F.);
#3083=ADVANCED_FACE('',(#2764,#2765),#104,.F.);
#3084=ADVANCED_FACE('',(#2766),#2923,.T.);
#3085=ADVANCED_FACE('',(#2767),#105,.F.);
#3086=ADVANCED_FACE('',(#2768),#2924,.T.);
#3087=ADVANCED_FACE('',(#2769),#2925,.T.);
#3088=ADVANCED_FACE('',(#2770),#2926,.T.);
#3089=ADVANCED_FACE('',(#2771),#2927,.T.);
#3090=ADVANCED_FACE('',(#2772),#2928,.F.);
#3091=ADVANCED_FACE('',(#2773),#2929,.F.);
#3092=ADVANCED_FACE('',(#2774,#2775,#2776,#2777,#2778),#2930,.F.);
#3093=ADVANCED_FACE('',(#2779),#106,.T.);
#3094=ADVANCED_FACE('',(#2780,#2781),#107,.F.);
#3095=ADVANCED_FACE('',(#2782),#2931,.T.);
#3096=ADVANCED_FACE('',(#2783),#2932,.F.);
#3097=ADVANCED_FACE('',(#2784,#2785,#2786),#2933,.T.);
#3098=ADVANCED_FACE('',(#2787,#2788),#108,.F.);
#3099=ADVANCED_FACE('',(#2789),#109,.T.);
#3100=ADVANCED_FACE('',(#2790),#2934,.F.);
#3101=ADVANCED_FACE('',(#2791,#2792),#2935,.F.);
#3102=ADVANCED_FACE('',(#2793),#2936,.F.);
#3103=ADVANCED_FACE('',(#2794,#2795),#2937,.T.);
#3104=ADVANCED_FACE('',(#2796),#2938,.F.);
#3105=ADVANCED_FACE('',(#2797,#2798),#2939,.T.);
#3106=ADVANCED_FACE('',(#2799),#2940,.T.);
#3107=ADVANCED_FACE('',(#2800,#2801),#2941,.F.);
#3108=ADVANCED_FACE('',(#2802),#2942,.T.);
#3109=ADVANCED_FACE('',(#2803),#2943,.T.);
#3110=ADVANCED_FACE('',(#2804,#2805),#110,.F.);
#3111=ADVANCED_FACE('',(#2806,#2807),#111,.F.);
#3112=ADVANCED_FACE('',(#2808,#2809),#2944,.F.);
#3113=ADVANCED_FACE('',(#2810),#2945,.T.);
#3114=ADVANCED_FACE('',(#2811),#2946,.T.);
#3115=ADVANCED_FACE('',(#2812,#2813),#2947,.T.);
#3116=ADVANCED_FACE('',(#2814),#2948,.F.);
#3117=ADVANCED_FACE('',(#2815),#2949,.T.);
#3118=ADVANCED_FACE('',(#2816,#2817),#112,.F.);
#3119=ADVANCED_FACE('',(#2818,#2819),#113,.F.);
#3120=ADVANCED_FACE('',(#2820),#2950,.T.);
#3121=ADVANCED_FACE('',(#2821),#2951,.F.);
#3122=CLOSED_SHELL('',(#2952,#2953,#2954,#2955,#2956,#2957,#2958));
#3123=CLOSED_SHELL('',(#2959,#2960,#2961,#2962,#2963,#2964,#2965,#2966,
#2967,#2968,#2969,#2970,#2971,#2972,#2973,#2974,#2975,#2976,#2977,#2978));
#3124=CLOSED_SHELL('',(#2979,#2980,#2981,#2982,#2983,#2984,#2985));
#3125=CLOSED_SHELL('',(#2986,#2987,#2988,#2989,#2990,#2991,#2992,#2993,
#2994,#2995,#2996,#2997,#2998,#2999,#3000,#3001,#3002,#3003,#3004,#3005,
#3006,#3007,#3008,#3009,#3010,#3011,#3012,#3013,#3014,#3015,#3016,#3017,
#3018,#3019,#3020,#3021,#3022,#3023,#3024,#3025,#3026,#3027));
#3126=CLOSED_SHELL('',(#3028,#3029,#3030));
#3127=CLOSED_SHELL('',(#3031,#3032,#3033,#3034,#3035,#3036,#3037,#3038,
#3039,#3040,#3041,#3042,#3043,#3044,#3045,#3046));
#3128=CLOSED_SHELL('',(#3047,#3048,#3049,#3050,#3051,#3052,#3053,#3054));
#3129=CLOSED_SHELL('',(#3055,#3056,#3057,#3058,#3059,#3060,#3061,#3062,
#3063,#3064,#3065,#3066,#3067,#3068,#3069,#3070,#3071,#3072,#3073,#3074,
#3075));
#3130=CLOSED_SHELL('',(#3076,#3077,#3078,#3079,#3080,#3081,#3082,#3083));
#3131=CLOSED_SHELL('',(#3084,#3085,#3086,#3087,#3088,#3089,#3090,#3091,
#3092,#3093,#3094,#3095,#3096,#3097,#3098,#3099,#3100,#3101,#3102,#3103,
#3104,#3105,#3106,#3107,#3108,#3109,#3110,#3111,#3112,#3113,#3114,#3115,
#3116,#3117,#3118,#3119,#3120,#3121));
#3132=STYLED_ITEM('',(#3142),#3208);
#3133=STYLED_ITEM('',(#3143),#3209);
#3134=STYLED_ITEM('',(#3144),#3210);
#3135=STYLED_ITEM('',(#3145),#3211);
#3136=STYLED_ITEM('',(#3146),#3212);
#3137=STYLED_ITEM('',(#3147),#3213);
#3138=STYLED_ITEM('',(#3148),#3214);
#3139=STYLED_ITEM('',(#3149),#3215);
#3140=STYLED_ITEM('',(#3150),#3216);
#3141=STYLED_ITEM('',(#3151),#3217);
#3142=PRESENTATION_STYLE_ASSIGNMENT((#3152));
#3143=PRESENTATION_STYLE_ASSIGNMENT((#3153));
#3144=PRESENTATION_STYLE_ASSIGNMENT((#3154));
#3145=PRESENTATION_STYLE_ASSIGNMENT((#3155));
#3146=PRESENTATION_STYLE_ASSIGNMENT((#3156));
#3147=PRESENTATION_STYLE_ASSIGNMENT((#3157));
#3148=PRESENTATION_STYLE_ASSIGNMENT((#3158));
#3149=PRESENTATION_STYLE_ASSIGNMENT((#3159));
#3150=PRESENTATION_STYLE_ASSIGNMENT((#3160));
#3151=PRESENTATION_STYLE_ASSIGNMENT((#3161));
#3152=SURFACE_STYLE_USAGE(.BOTH.,#3162);
#3153=SURFACE_STYLE_USAGE(.BOTH.,#3163);
#3154=SURFACE_STYLE_USAGE(.BOTH.,#3164);
#3155=SURFACE_STYLE_USAGE(.BOTH.,#3165);
#3156=SURFACE_STYLE_USAGE(.BOTH.,#3166);
#3157=SURFACE_STYLE_USAGE(.BOTH.,#3167);
#3158=SURFACE_STYLE_USAGE(.BOTH.,#3168);
#3159=SURFACE_STYLE_USAGE(.BOTH.,#3169);
#3160=SURFACE_STYLE_USAGE(.BOTH.,#3170);
#3161=SURFACE_STYLE_USAGE(.BOTH.,#3171);
#3162=SURFACE_SIDE_STYLE('',(#3172));
#3163=SURFACE_SIDE_STYLE('',(#3173));
#3164=SURFACE_SIDE_STYLE('',(#3174));
#3165=SURFACE_SIDE_STYLE('',(#3175));
#3166=SURFACE_SIDE_STYLE('',(#3176));
#3167=SURFACE_SIDE_STYLE('',(#3177));
#3168=SURFACE_SIDE_STYLE('',(#3178));
#3169=SURFACE_SIDE_STYLE('',(#3179));
#3170=SURFACE_SIDE_STYLE('',(#3180));
#3171=SURFACE_SIDE_STYLE('',(#3181));
#3172=SURFACE_STYLE_FILL_AREA(#3182);
#3173=SURFACE_STYLE_FILL_AREA(#3183);
#3174=SURFACE_STYLE_FILL_AREA(#3184);
#3175=SURFACE_STYLE_FILL_AREA(#3185);
#3176=SURFACE_STYLE_FILL_AREA(#3186);
#3177=SURFACE_STYLE_FILL_AREA(#3187);
#3178=SURFACE_STYLE_FILL_AREA(#3188);
#3179=SURFACE_STYLE_FILL_AREA(#3189);
#3180=SURFACE_STYLE_FILL_AREA(#3190);
#3181=SURFACE_STYLE_FILL_AREA(#3191);
#3182=FILL_AREA_STYLE('',(#3192));
#3183=FILL_AREA_STYLE('',(#3193));
#3184=FILL_AREA_STYLE('',(#3194));
#3185=FILL_AREA_STYLE('',(#3195));
#3186=FILL_AREA_STYLE('',(#3196));
#3187=FILL_AREA_STYLE('',(#3197));
#3188=FILL_AREA_STYLE('',(#3198));
#3189=FILL_AREA_STYLE('',(#3199));
#3190=FILL_AREA_STYLE('',(#3200));
#3191=FILL_AREA_STYLE('',(#3201));
#3192=FILL_AREA_STYLE_COLOUR('',#3202);
#3193=FILL_AREA_STYLE_COLOUR('',#3203);
#3194=FILL_AREA_STYLE_COLOUR('',#3204);
#3195=FILL_AREA_STYLE_COLOUR('',#3203);
#3196=FILL_AREA_STYLE_COLOUR('',#3202);
#3197=FILL_AREA_STYLE_COLOUR('',#3203);
#3198=FILL_AREA_STYLE_COLOUR('',#3205);
#3199=FILL_AREA_STYLE_COLOUR('',#3206);
#3200=FILL_AREA_STYLE_COLOUR('',#3207);
#3201=FILL_AREA_STYLE_COLOUR('',#3202);
#3202=COLOUR_RGB('',0.647058823529412,0.647058823529412,0.647058823529412);
#3203=COLOUR_RGB('',0.615686274509804,0.811764705882353,0.929411764705882);
#3204=COLOUR_RGB('',0.917647058823529,0.917647058823529,0.917647058823529);
#3205=COLOUR_RGB('',0.972549019607843,0.529411764705882,0.00392156862745098);
#3206=COLOUR_RGB('',0.231372549019608,0.380392156862745,0.705882352941177);
#3207=COLOUR_RGB('',0.768627450980392,0.886274509803922,0.952941176470588);
#3208=MANIFOLD_SOLID_BREP('Motor Shaft',#3122);
#3209=MANIFOLD_SOLID_BREP('Part 1',#3123);
#3210=MANIFOLD_SOLID_BREP('Part 4',#3124);
#3211=MANIFOLD_SOLID_BREP('Chassis',#3125);
#3212=MANIFOLD_SOLID_BREP('Part 2',#3126);
#3213=MANIFOLD_SOLID_BREP('Motor Body',#3127);
#3214=MANIFOLD_SOLID_BREP('Part 6',#3128);
#3215=MANIFOLD_SOLID_BREP('Part 3',#3129);
#3216=MANIFOLD_SOLID_BREP('Part 5',#3130);
#3217=MANIFOLD_SOLID_BREP('Step Motor Mount',#3131);
#3218=SHAPE_DEFINITION_REPRESENTATION(#5273,#3229);
#3219=SHAPE_DEFINITION_REPRESENTATION(#5274,#3230);
#3220=SHAPE_DEFINITION_REPRESENTATION(#5276,#3231);
#3221=SHAPE_DEFINITION_REPRESENTATION(#5278,#3232);
#3222=SHAPE_DEFINITION_REPRESENTATION(#5280,#3233);
#3223=SHAPE_DEFINITION_REPRESENTATION(#5282,#3234);
#3224=SHAPE_DEFINITION_REPRESENTATION(#5284,#3235);
#3225=SHAPE_DEFINITION_REPRESENTATION(#5286,#3236);
#3226=SHAPE_DEFINITION_REPRESENTATION(#5288,#3237);
#3227=SHAPE_DEFINITION_REPRESENTATION(#5290,#3238);
#3228=SHAPE_DEFINITION_REPRESENTATION(#5292,#3239);
#3229=SHAPE_REPRESENTATION('Assembly 1',(#3240,#3253,#3292,#3302,#3361,
#3367,#3400,#3413,#3443,#3456,#3513),#5248);
#3230=SHAPE_REPRESENTATION('Motor Shaft',(#3240),#5249);
#3231=SHAPE_REPRESENTATION('Part 1',(#3240),#5250);
#3232=SHAPE_REPRESENTATION('Part 4',(#3240),#5251);
#3233=SHAPE_REPRESENTATION('Chassis',(#3240),#5252);
#3234=SHAPE_REPRESENTATION('Part 2',(#3240),#5253);
#3235=SHAPE_REPRESENTATION('Motor Body',(#3240),#5254);
#3236=SHAPE_REPRESENTATION('Part 6',(#3240),#5255);
#3237=SHAPE_REPRESENTATION('Part 3',(#3240),#5256);
#3238=SHAPE_REPRESENTATION('Part 5',(#3240),#5257);
#3239=SHAPE_REPRESENTATION('Step Motor Mount',(#3240),#5258);
#3240=AXIS2_PLACEMENT_3D('',#4375,#3514,#3515);
#3241=AXIS2_PLACEMENT_3D('',#4376,#3516,#3517);
#3242=AXIS2_PLACEMENT_3D('',#4377,#3518,#3519);
#3243=AXIS2_PLACEMENT_3D('',#4382,#3521,#3522);
#3244=AXIS2_PLACEMENT_3D('',#4385,#3524,#3525);
#3245=AXIS2_PLACEMENT_3D('',#4386,#3526,#3527);
#3246=AXIS2_PLACEMENT_3D('',#4392,#3530,#3531);
#3247=AXIS2_PLACEMENT_3D('',#4396,#3534,#3535);
#3248=AXIS2_PLACEMENT_3D('',#4398,#3536,#3537);
#3249=AXIS2_PLACEMENT_3D('',#4399,#3538,#3539);
#3250=AXIS2_PLACEMENT_3D('',#4401,#3541,#3542);
#3251=AXIS2_PLACEMENT_3D('',#4402,#3543,#3544);
#3252=AXIS2_PLACEMENT_3D('',#4404,#3546,#3547);
#3253=AXIS2_PLACEMENT_3D('',#4405,#3548,#3549);
#3254=AXIS2_PLACEMENT_3D('',#4406,#3550,#3551);
#3255=AXIS2_PLACEMENT_3D('',#4407,#3552,#3553);
#3256=AXIS2_PLACEMENT_3D('',#4409,#3554,#3555);
#3257=AXIS2_PLACEMENT_3D('',#4411,#3556,#3557);
#3258=AXIS2_PLACEMENT_3D('',#4412,#3558,#3559);
#3259=AXIS2_PLACEMENT_3D('',#4414,#3560,#3561);
#3260=AXIS2_PLACEMENT_3D('',#4419,#3563,#3564);
#3261=AXIS2_PLACEMENT_3D('',#4422,#3566,#3567);
#3262=AXIS2_PLACEMENT_3D('',#4423,#3568,#3569);
#3263=AXIS2_PLACEMENT_3D('',#4425,#3570,#3571);
#3264=AXIS2_PLACEMENT_3D('',#4427,#3572,#3573);
#3265=AXIS2_PLACEMENT_3D('',#4428,#3574,#3575);
#3266=AXIS2_PLACEMENT_3D('',#4430,#3576,#3577);
#3267=AXIS2_PLACEMENT_3D('',#4431,#3578,#3579);
#3268=AXIS2_PLACEMENT_3D('',#4433,#3580,#3581);
#3269=AXIS2_PLACEMENT_3D('',#4434,#3582,#3583);
#3270=AXIS2_PLACEMENT_3D('',#4437,#3584,#3585);
#3271=AXIS2_PLACEMENT_3D('',#4439,#3586,#3587);
#3272=AXIS2_PLACEMENT_3D('',#4441,#3588,#3589);
#3273=AXIS2_PLACEMENT_3D('',#4443,#3590,#3591);
#3274=AXIS2_PLACEMENT_3D('',#4445,#3592,#3593);
#3275=AXIS2_PLACEMENT_3D('',#4446,#3594,#3595);
#3276=AXIS2_PLACEMENT_3D('',#4452,#3599,#3600);
#3277=AXIS2_PLACEMENT_3D('',#4455,#3602,#3603);
#3278=AXIS2_PLACEMENT_3D('',#4456,#3604,#3605);
#3279=AXIS2_PLACEMENT_3D('',#4460,#3608,#3609);
#3280=AXIS2_PLACEMENT_3D('',#4461,#3610,#3611);
#3281=AXIS2_PLACEMENT_3D('',#4462,#3612,#3613);
#3282=AXIS2_PLACEMENT_3D('',#4463,#3614,#3615);
#3283=AXIS2_PLACEMENT_3D('',#4469,#3619,#3620);
#3284=AXIS2_PLACEMENT_3D('',#4473,#3623,#3624);
#3285=AXIS2_PLACEMENT_3D('',#4477,#3627,#3628);
#3286=AXIS2_PLACEMENT_3D('',#4481,#3631,#3632);
#3287=AXIS2_PLACEMENT_3D('',#4485,#3635,#3636);
#3288=AXIS2_PLACEMENT_3D('',#4487,#3638,#3639);
#3289=AXIS2_PLACEMENT_3D('',#4488,#3640,#3641);
#3290=AXIS2_PLACEMENT_3D('',#4489,#3642,#3643);
#3291=AXIS2_PLACEMENT_3D('',#4491,#3644,#3645);
#3292=AXIS2_PLACEMENT_3D('',#4492,#3646,#3647);
#3293=AXIS2_PLACEMENT_3D('',#4493,#3648,#3649);
#3294=AXIS2_PLACEMENT_3D('',#4502,#3654,#3655);
#3295=AXIS2_PLACEMENT_3D('',#4503,#3656,#3657);
#3296=AXIS2_PLACEMENT_3D('',#4510,#3661,#3662);
#3297=AXIS2_PLACEMENT_3D('',#4516,#3666,#3667);
#3298=AXIS2_PLACEMENT_3D('',#4517,#3668,#3669);
#3299=AXIS2_PLACEMENT_3D('',#4521,#3672,#3673);
#3300=AXIS2_PLACEMENT_3D('',#4522,#3674,#3675);
#3301=AXIS2_PLACEMENT_3D('',#4523,#3676,#3677);
#3302=AXIS2_PLACEMENT_3D('',#4524,#3678,#3679);
#3303=AXIS2_PLACEMENT_3D('',#4525,#3680,#3681);
#3304=AXIS2_PLACEMENT_3D('',#4534,#3686,#3687);
#3305=AXIS2_PLACEMENT_3D('',#4535,#3688,#3689);
#3306=AXIS2_PLACEMENT_3D('',#4537,#3690,#3691);
#3307=AXIS2_PLACEMENT_3D('',#4539,#3692,#3693);
#3308=AXIS2_PLACEMENT_3D('',#4541,#3694,#3695);
#3309=AXIS2_PLACEMENT_3D('',#4557,#3703,#3704);
#3310=AXIS2_PLACEMENT_3D('',#4593,#3723,#3724);
#3311=AXIS2_PLACEMENT_3D('',#4596,#3726,#3727);
#3312=AXIS2_PLACEMENT_3D('',#4604,#3732,#3733);
#3313=AXIS2_PLACEMENT_3D('',#4610,#3737,#3738);
#3314=AXIS2_PLACEMENT_3D('',#4616,#3742,#3743);
#3315=AXIS2_PLACEMENT_3D('',#4622,#3747,#3748);
#3316=AXIS2_PLACEMENT_3D('',#4623,#3749,#3750);
#3317=AXIS2_PLACEMENT_3D('',#4625,#3751,#3752);
#3318=AXIS2_PLACEMENT_3D('',#4627,#3753,#3754);
#3319=AXIS2_PLACEMENT_3D('',#4629,#3755,#3756);
#3320=AXIS2_PLACEMENT_3D('',#4634,#3758,#3759);
#3321=AXIS2_PLACEMENT_3D('',#4663,#3774,#3775);
#3322=AXIS2_PLACEMENT_3D('',#4667,#3777,#3778);
#3323=AXIS2_PLACEMENT_3D('',#4668,#3779,#3780);
#3324=AXIS2_PLACEMENT_3D('',#4669,#3781,#3782);
#3325=AXIS2_PLACEMENT_3D('',#4671,#3784,#3785);
#3326=AXIS2_PLACEMENT_3D('',#4674,#3788,#3789);
#3327=AXIS2_PLACEMENT_3D('',#4677,#3792,#3793);
#3328=AXIS2_PLACEMENT_3D('',#4680,#3796,#3797);
#3329=AXIS2_PLACEMENT_3D('',#4682,#3799,#3800);
#3330=AXIS2_PLACEMENT_3D('',#4684,#3802,#3803);
#3331=AXIS2_PLACEMENT_3D('',#4685,#3804,#3805);
#3332=AXIS2_PLACEMENT_3D('',#4688,#3808,#3809);
#3333=AXIS2_PLACEMENT_3D('',#4690,#3811,#3812);
#3334=AXIS2_PLACEMENT_3D('',#4692,#3814,#3815);
#3335=AXIS2_PLACEMENT_3D('',#4693,#3816,#3817);
#3336=AXIS2_PLACEMENT_3D('',#4696,#3820,#3821);
#3337=AXIS2_PLACEMENT_3D('',#4698,#3823,#3824);
#3338=AXIS2_PLACEMENT_3D('',#4700,#3826,#3827);
#3339=AXIS2_PLACEMENT_3D('',#4701,#3828,#3829);
#3340=AXIS2_PLACEMENT_3D('',#4702,#3830,#3831);
#3341=AXIS2_PLACEMENT_3D('',#4705,#3833,#3834);
#3342=AXIS2_PLACEMENT_3D('',#4708,#3836,#3837);
#3343=AXIS2_PLACEMENT_3D('',#4711,#3839,#3840);
#3344=AXIS2_PLACEMENT_3D('',#4712,#3841,#3842);
#3345=AXIS2_PLACEMENT_3D('',#4715,#3844,#3845);
#3346=AXIS2_PLACEMENT_3D('',#4727,#3853,#3854);
#3347=AXIS2_PLACEMENT_3D('',#4733,#3858,#3859);
#3348=AXIS2_PLACEMENT_3D('',#4739,#3863,#3864);
#3349=AXIS2_PLACEMENT_3D('',#4741,#3866,#3867);
#3350=AXIS2_PLACEMENT_3D('',#4742,#3868,#3869);
#3351=AXIS2_PLACEMENT_3D('',#4743,#3870,#3871);
#3352=AXIS2_PLACEMENT_3D('',#4744,#3872,#3873);
#3353=AXIS2_PLACEMENT_3D('',#4746,#3875,#3876);
#3354=AXIS2_PLACEMENT_3D('',#4748,#3878,#3879);
#3355=AXIS2_PLACEMENT_3D('',#4750,#3881,#3882);
#3356=AXIS2_PLACEMENT_3D('',#4751,#3883,#3884);
#3357=AXIS2_PLACEMENT_3D('',#4752,#3885,#3886);
#3358=AXIS2_PLACEMENT_3D('',#4753,#3887,#3888);
#3359=AXIS2_PLACEMENT_3D('',#4754,#3889,#3890);
#3360=AXIS2_PLACEMENT_3D('',#4755,#3891,#3892);
#3361=AXIS2_PLACEMENT_3D('',#4756,#3893,#3894);
#3362=AXIS2_PLACEMENT_3D('',#4757,#3895,#3896);
#3363=AXIS2_PLACEMENT_3D('',#4758,#3897,#3898);
#3364=AXIS2_PLACEMENT_3D('',#4760,#3899,#3900);
#3365=AXIS2_PLACEMENT_3D('',#4762,#3901,#3902);
#3366=AXIS2_PLACEMENT_3D('',#4763,#3903,#3904);
#3367=AXIS2_PLACEMENT_3D('',#4764,#3905,#3906);
#3368=AXIS2_PLACEMENT_3D('',#4765,#3907,#3908);
#3369=AXIS2_PLACEMENT_3D('',#4766,#3909,#3910);
#3370=AXIS2_PLACEMENT_3D('',#4768,#3911,#3912);
#3371=AXIS2_PLACEMENT_3D('',#4770,#3913,#3914);
#3372=AXIS2_PLACEMENT_3D('',#4771,#3915,#3916);
#3373=AXIS2_PLACEMENT_3D('',#4773,#3917,#3918);
#3374=AXIS2_PLACEMENT_3D('',#4775,#3919,#3920);
#3375=AXIS2_PLACEMENT_3D('',#4784,#3925,#3926);
#3376=AXIS2_PLACEMENT_3D('',#4793,#3931,#3932);
#3377=AXIS2_PLACEMENT_3D('',#4794,#3933,#3934);
#3378=AXIS2_PLACEMENT_3D('',#4795,#3935,#3936);
#3379=AXIS2_PLACEMENT_3D('',#4796,#3937,#3938);
#3380=AXIS2_PLACEMENT_3D('',#4800,#3940,#3941);
#3381=AXIS2_PLACEMENT_3D('',#4804,#3943,#3944);
#3382=AXIS2_PLACEMENT_3D('',#4808,#3946,#3947);
#3383=AXIS2_PLACEMENT_3D('',#4809,#3948,#3949);
#3384=AXIS2_PLACEMENT_3D('',#4815,#3953,#3954);
#3385=AXIS2_PLACEMENT_3D('',#4816,#3955,#3956);
#3386=AXIS2_PLACEMENT_3D('',#4820,#3958,#3959);
#3387=AXIS2_PLACEMENT_3D('',#4821,#3960,#3961);
#3388=AXIS2_PLACEMENT_3D('',#4824,#3964,#3965);
#3389=AXIS2_PLACEMENT_3D('',#4830,#3969,#3970);
#3390=AXIS2_PLACEMENT_3D('',#4831,#3971,#3972);
#3391=AXIS2_PLACEMENT_3D('',#4832,#3973,#3974);
#3392=AXIS2_PLACEMENT_3D('',#4833,#3975,#3976);
#3393=AXIS2_PLACEMENT_3D('',#4834,#3977,#3978);
#3394=AXIS2_PLACEMENT_3D('',#4836,#3979,#3980);
#3395=AXIS2_PLACEMENT_3D('',#4837,#3981,#3982);
#3396=AXIS2_PLACEMENT_3D('',#4838,#3983,#3984);
#3397=AXIS2_PLACEMENT_3D('',#4839,#3985,#3986);
#3398=AXIS2_PLACEMENT_3D('',#4840,#3987,#3988);
#3399=AXIS2_PLACEMENT_3D('',#4842,#3989,#3990);
#3400=AXIS2_PLACEMENT_3D('',#4843,#3991,#3992);
#3401=AXIS2_PLACEMENT_3D('',#4844,#3993,#3994);
#3402=AXIS2_PLACEMENT_3D('',#4845,#3995,#3996);
#3403=AXIS2_PLACEMENT_3D('',#4855,#4001,#4002);
#3404=AXIS2_PLACEMENT_3D('',#4857,#4003,#4004);
#3405=AXIS2_PLACEMENT_3D('',#4866,#4009,#4010);
#3406=AXIS2_PLACEMENT_3D('',#4868,#4011,#4012);
#3407=AXIS2_PLACEMENT_3D('',#4870,#4013,#4014);
#3408=AXIS2_PLACEMENT_3D('',#4873,#4017,#4018);
#3409=AXIS2_PLACEMENT_3D('',#4875,#4020,#4021);
#3410=AXIS2_PLACEMENT_3D('',#4877,#4023,#4024);
#3411=AXIS2_PLACEMENT_3D('',#4878,#4025,#4026);
#3412=AXIS2_PLACEMENT_3D('',#4879,#4027,#4028);
#3413=AXIS2_PLACEMENT_3D('',#4880,#4029,#4030);
#3414=AXIS2_PLACEMENT_3D('',#4881,#4031,#4032);
#3415=AXIS2_PLACEMENT_3D('',#4890,#4037,#4038);
#3416=AXIS2_PLACEMENT_3D('',#4899,#4043,#4044);
#3417=AXIS2_PLACEMENT_3D('',#4900,#4045,#4046);
#3418=AXIS2_PLACEMENT_3D('',#4905,#4048,#4049);
#3419=AXIS2_PLACEMENT_3D('',#4913,#4053,#4054);
#3420=AXIS2_PLACEMENT_3D('',#4916,#4056,#4057);
#3421=AXIS2_PLACEMENT_3D('',#4917,#4058,#4059);
#3422=AXIS2_PLACEMENT_3D('',#4938,#4071,#4072);
#3423=AXIS2_PLACEMENT_3D('',#4944,#4076,#4077);
#3424=AXIS2_PLACEMENT_3D('',#4945,#4078,#4079);
#3425=AXIS2_PLACEMENT_3D('',#4963,#4090,#4091);
#3426=AXIS2_PLACEMENT_3D('',#4966,#4093,#4094);
#3427=AXIS2_PLACEMENT_3D('',#4969,#4096,#4097);
#3428=AXIS2_PLACEMENT_3D('',#4973,#4100,#4101);
#3429=AXIS2_PLACEMENT_3D('',#4976,#4103,#4104);
#3430=AXIS2_PLACEMENT_3D('',#4977,#4105,#4106);
#3431=AXIS2_PLACEMENT_3D('',#4979,#4108,#4109);
#3432=AXIS2_PLACEMENT_3D('',#4980,#4110,#4111);
#3433=AXIS2_PLACEMENT_3D('',#4981,#4112,#4113);
#3434=AXIS2_PLACEMENT_3D('',#4982,#4114,#4115);
#3435=AXIS2_PLACEMENT_3D('',#4984,#4117,#4118);
#3436=AXIS2_PLACEMENT_3D('',#4985,#4119,#4120);
#3437=AXIS2_PLACEMENT_3D('',#4987,#4122,#4123);
#3438=AXIS2_PLACEMENT_3D('',#4989,#4125,#4126);
#3439=AXIS2_PLACEMENT_3D('',#4990,#4127,#4128);
#3440=AXIS2_PLACEMENT_3D('',#4992,#4130,#4131);
#3441=AXIS2_PLACEMENT_3D('',#4994,#4133,#4134);
#3442=AXIS2_PLACEMENT_3D('',#4995,#4135,#4136);
#3443=AXIS2_PLACEMENT_3D('',#4996,#4137,#4138);
#3444=AXIS2_PLACEMENT_3D('',#4997,#4139,#4140);
#3445=AXIS2_PLACEMENT_3D('',#4998,#4141,#4142);
#3446=AXIS2_PLACEMENT_3D('',#5008,#4147,#4148);
#3447=AXIS2_PLACEMENT_3D('',#5010,#4149,#4150);
#3448=AXIS2_PLACEMENT_3D('',#5019,#4155,#4156);
#3449=AXIS2_PLACEMENT_3D('',#5021,#4157,#4158);
#3450=AXIS2_PLACEMENT_3D('',#5023,#4159,#4160);
#3451=AXIS2_PLACEMENT_3D('',#5026,#4163,#4164);
#3452=AXIS2_PLACEMENT_3D('',#5028,#4166,#4167);
#3453=AXIS2_PLACEMENT_3D('',#5030,#4169,#4170);
#3454=AXIS2_PLACEMENT_3D('',#5031,#4171,#4172);
#3455=AXIS2_PLACEMENT_3D('',#5032,#4173,#4174);
#3456=AXIS2_PLACEMENT_3D('',#5033,#4175,#4176);
#3457=AXIS2_PLACEMENT_3D('',#5034,#4177,#4178);
#3458=AXIS2_PLACEMENT_3D('',#5047,#4185,#4186);
#3459=AXIS2_PLACEMENT_3D('',#5048,#4187,#4188);
#3460=AXIS2_PLACEMENT_3D('',#5053,#4190,#4191);
#3461=AXIS2_PLACEMENT_3D('',#5056,#4193,#4194);
#3462=AXIS2_PLACEMENT_3D('',#5085,#4209,#4210);
#3463=AXIS2_PLACEMENT_3D('',#5097,#4217,#4218);
#3464=AXIS2_PLACEMENT_3D('',#5103,#4222,#4223);
#3465=AXIS2_PLACEMENT_3D('',#5112,#4228,#4229);
#3466=AXIS2_PLACEMENT_3D('',#5118,#4233,#4234);
#3467=AXIS2_PLACEMENT_3D('',#5124,#4238,#4239);
#3468=AXIS2_PLACEMENT_3D('',#5125,#4240,#4241);
#3469=AXIS2_PLACEMENT_3D('',#5127,#4242,#4243);
#3470=AXIS2_PLACEMENT_3D('',#5129,#4244,#4245);
#3471=AXIS2_PLACEMENT_3D('',#5131,#4246,#4247);
#3472=AXIS2_PLACEMENT_3D('',#5157,#4262,#4263);
#3473=AXIS2_PLACEMENT_3D('',#5158,#4264,#4265);
#3474=AXIS2_PLACEMENT_3D('',#5159,#4266,#4267);
#3475=AXIS2_PLACEMENT_3D('',#5160,#4268,#4269);
#3476=AXIS2_PLACEMENT_3D('',#5161,#4270,#4271);
#3477=AXIS2_PLACEMENT_3D('',#5163,#4272,#4273);
#3478=AXIS2_PLACEMENT_3D('',#5165,#4274,#4275);
#3479=AXIS2_PLACEMENT_3D('',#5172,#4280,#4281);
#3480=AXIS2_PLACEMENT_3D('',#5183,#4288,#4289);
#3481=AXIS2_PLACEMENT_3D('',#5187,#4293,#4294);
#3482=AXIS2_PLACEMENT_3D('',#5188,#4295,#4296);
#3483=AXIS2_PLACEMENT_3D('',#5190,#4297,#4298);
#3484=AXIS2_PLACEMENT_3D('',#5191,#4299,#4300);
#3485=AXIS2_PLACEMENT_3D('',#5193,#4301,#4302);
#3486=AXIS2_PLACEMENT_3D('',#5194,#4303,#4304);
#3487=AXIS2_PLACEMENT_3D('',#5195,#4305,#4306);
#3488=AXIS2_PLACEMENT_3D('',#5200,#4310,#4311);
#3489=AXIS2_PLACEMENT_3D('',#5202,#4313,#4314);
#3490=AXIS2_PLACEMENT_3D('',#5203,#4315,#4316);
#3491=AXIS2_PLACEMENT_3D('',#5204,#4317,#4318);
#3492=AXIS2_PLACEMENT_3D('',#5208,#4321,#4322);
#3493=AXIS2_PLACEMENT_3D('',#5209,#4323,#4324);
#3494=AXIS2_PLACEMENT_3D('',#5212,#4326,#4327);
#3495=AXIS2_PLACEMENT_3D('',#5213,#4328,#4329);
#3496=AXIS2_PLACEMENT_3D('',#5214,#4330,#4331);
#3497=AXIS2_PLACEMENT_3D('',#5219,#4334,#4335);
#3498=AXIS2_PLACEMENT_3D('',#5221,#4337,#4338);
#3499=AXIS2_PLACEMENT_3D('',#5222,#4339,#4340);
#3500=AXIS2_PLACEMENT_3D('',#5223,#4341,#4342);
#3501=AXIS2_PLACEMENT_3D('',#5224,#4343,#4344);
#3502=AXIS2_PLACEMENT_3D('',#5225,#4345,#4346);
#3503=AXIS2_PLACEMENT_3D('',#5230,#4349,#4350);
#3504=AXIS2_PLACEMENT_3D('',#5232,#4352,#4353);
#3505=AXIS2_PLACEMENT_3D('',#5233,#4354,#4355);
#3506=AXIS2_PLACEMENT_3D('',#5234,#4356,#4357);
#3507=AXIS2_PLACEMENT_3D('',#5239,#4360,#4361);
#3508=AXIS2_PLACEMENT_3D('',#5241,#4363,#4364);
#3509=AXIS2_PLACEMENT_3D('',#5242,#4365,#4366);
#3510=AXIS2_PLACEMENT_3D('',#5243,#4367,#4368);
#3511=AXIS2_PLACEMENT_3D('',#5244,#4369,#4370);
#3512=AXIS2_PLACEMENT_3D('',#5245,#4371,#4372);
#3513=AXIS2_PLACEMENT_3D('',#5246,#4373,#4374);
#3514=DIRECTION('',(0.,0.,1.));
#3515=DIRECTION('',(1.,0.,0.));
#3516=DIRECTION('',(0.,0.,1.));
#3517=DIRECTION('',(1.,0.,0.));
#3518=DIRECTION('',(0.,0.,1.));
#3519=DIRECTION('',(1.,0.,0.));
#3520=DIRECTION('',(-1.,0.,0.));
#3521=DIRECTION('',(0.,0.,1.));
#3522=DIRECTION('',(1.,0.,0.));
#3523=DIRECTION('',(-1.,0.,0.));
#3524=DIRECTION('',(0.,0.,-1.));
#3525=DIRECTION('',(-1.,0.,0.));
#3526=DIRECTION('',(0.,0.,1.));
#3527=DIRECTION('',(1.,0.,0.));
#3528=DIRECTION('',(0.,0.,1.));
#3529=DIRECTION('',(0.,0.,1.));
#3530=DIRECTION('',(0.,0.,1.));
#3531=DIRECTION('',(1.,0.,0.));
#3532=DIRECTION('',(0.,0.,1.));
#3533=DIRECTION('',(0.,0.,1.));
#3534=DIRECTION('',(0.,0.,1.));
#3535=DIRECTION('',(1.,0.,0.));
#3536=DIRECTION('',(0.,0.,1.));
#3537=DIRECTION('',(1.,0.,0.));
#3538=DIRECTION('',(0.,1.,0.));
#3539=DIRECTION('',(0.,0.,1.));
#3540=DIRECTION('',(-1.,0.,0.));
#3541=DIRECTION('',(0.,0.,1.));
#3542=DIRECTION('',(1.,0.,0.));
#3543=DIRECTION('',(0.,1.,0.));
#3544=DIRECTION('',(0.,0.,1.));
#3545=DIRECTION('',(-1.,0.,0.));
#3546=DIRECTION('',(0.,0.,1.));
#3547=DIRECTION('',(1.,0.,0.));
#3548=DIRECTION('',(8.50514958902084E-23,1.87006444251639E-23,1.));
#3549=DIRECTION('',(-0.999941559219184,0.0108110196700512,8.4844352379656E-23));
#3550=DIRECTION('',(0.,-1.,0.));
#3551=DIRECTION('',(0.,0.,-1.));
#3552=DIRECTION('',(0.,1.,0.));
#3553=DIRECTION('',(0.,0.,1.));
#3554=DIRECTION('',(0.,-1.,0.));
#3555=DIRECTION('',(0.,0.,-1.));
#3556=DIRECTION('',(0.,0.,-1.));
#3557=DIRECTION('',(1.,0.,0.));
#3558=DIRECTION('',(0.,0.,-1.));
#3559=DIRECTION('',(-1.,0.,0.));
#3560=DIRECTION('',(0.,0.,-1.));
#3561=DIRECTION('',(-1.,0.,0.));
#3562=DIRECTION('',(1.,0.,0.));
#3563=DIRECTION('',(0.,0.,-1.));
#3564=DIRECTION('',(-1.,0.,0.));
#3565=DIRECTION('',(1.,0.,0.));
#3566=DIRECTION('',(0.,0.,-1.));
#3567=DIRECTION('',(-1.,0.,0.));
#3568=DIRECTION('',(0.,0.,1.));
#3569=DIRECTION('',(1.,0.,0.));
#3570=DIRECTION('',(0.,0.,1.));
#3571=DIRECTION('',(1.,0.,0.));
#3572=DIRECTION('',(0.,0.,1.));
#3573=DIRECTION('',(1.,0.,0.));
#3574=DIRECTION('',(0.,0.,1.));
#3575=DIRECTION('',(1.,0.,0.));
#3576=DIRECTION('',(0.,0.,1.));
#3577=DIRECTION('',(1.,0.,0.));
#3578=DIRECTION('',(0.,0.,-1.));
#3579=DIRECTION('',(-1.,0.,0.));
#3580=DIRECTION('',(0.,0.,1.));
#3581=DIRECTION('',(1.,0.,0.));
#3582=DIRECTION('',(-0.866025403784439,0.,0.5));
#3583=DIRECTION('',(0.5,0.,0.866025403784439));
#3584=DIRECTION('',(0.,0.,1.));
#3585=DIRECTION('',(1.,0.,0.));
#3586=DIRECTION('',(0.866025403784439,0.,0.5));
#3587=DIRECTION('',(-0.5,0.,0.866025403784439));
#3588=DIRECTION('',(0.866025403784438,0.,-0.5));
#3589=DIRECTION('',(0.5,0.,0.866025403784438));
#3590=DIRECTION('',(0.,0.,-1.));
#3591=DIRECTION('',(-1.,0.,0.));
#3592=DIRECTION('',(-0.866025403784439,0.,-0.5));
#3593=DIRECTION('',(-0.5,0.,0.866025403784439));
#3594=DIRECTION('',(0.,1.,0.));
#3595=DIRECTION('',(0.,0.,1.));
#3596=DIRECTION('',(0.,0.,-1.));
#3597=DIRECTION('',(1.,0.,0.));
#3598=DIRECTION('',(0.,0.,-1.));
#3599=DIRECTION('',(0.,0.,-1.));
#3600=DIRECTION('',(-1.,0.,0.));
#3601=DIRECTION('',(0.,0.,-1.));
#3602=DIRECTION('',(0.,0.,-1.));
#3603=DIRECTION('',(-1.,0.,0.));
#3604=DIRECTION('',(0.,1.,0.));
#3605=DIRECTION('',(0.,0.,1.));
#3606=DIRECTION('',(0.,0.,-1.));
#3607=DIRECTION('',(1.,0.,0.));
#3608=DIRECTION('',(0.,0.,-1.));
#3609=DIRECTION('',(-1.,0.,0.));
#3610=DIRECTION('',(0.,0.,-1.));
#3611=DIRECTION('',(-1.,0.,0.));
#3612=DIRECTION('',(0.,0.,-1.));
#3613=DIRECTION('',(1.,0.,0.));
#3614=DIRECTION('',(0.866025403784439,0.,0.5));
#3615=DIRECTION('',(0.5,0.,-0.866025403784439));
#3616=DIRECTION('',(0.,-1.,0.));
#3617=DIRECTION('',(-0.5,0.,0.866025403784439));
#3618=DIRECTION('',(0.,-1.,0.));
#3619=DIRECTION('',(0.,0.,1.));
#3620=DIRECTION('',(1.,0.,0.));
#3621=DIRECTION('',(0.,-1.,0.));
#3622=DIRECTION('',(-1.,0.,0.));
#3623=DIRECTION('',(-0.866025403784439,0.,0.5));
#3624=DIRECTION('',(0.5,0.,0.866025403784439));
#3625=DIRECTION('',(0.,-1.,0.));
#3626=DIRECTION('',(-0.5,0.,-0.866025403784439));
#3627=DIRECTION('',(-0.866025403784439,0.,-0.5));
#3628=DIRECTION('',(-0.5,0.,0.866025403784439));
#3629=DIRECTION('',(0.,-1.,0.));
#3630=DIRECTION('',(0.5,0.,-0.866025403784439));
#3631=DIRECTION('',(0.,0.,-1.));
#3632=DIRECTION('',(-1.,0.,0.));
#3633=DIRECTION('',(0.,-1.,0.));
#3634=DIRECTION('',(1.,0.,0.));
#3635=DIRECTION('',(0.866025403784438,0.,-0.5));
#3636=DIRECTION('',(-0.5,0.,-0.866025403784438));
#3637=DIRECTION('',(0.5,0.,0.866025403784438));
#3638=DIRECTION('',(0.,-1.,0.));
#3639=DIRECTION('',(1.,0.,0.));
#3640=DIRECTION('',(0.,0.,1.));
#3641=DIRECTION('',(1.,0.,0.));
#3642=DIRECTION('',(0.,0.,1.));
#3643=DIRECTION('',(1.,0.,0.));
#3644=DIRECTION('',(0.,0.,1.));
#3645=DIRECTION('',(1.,0.,0.));
#3646=DIRECTION('',(2.29140887249377E-21,2.06401905653402E-19,1.));
#3647=DIRECTION('',(0.999941559219184,-0.0108110196700511,-5.98598988151297E-23));
#3648=DIRECTION('',(0.,1.,0.));
#3649=DIRECTION('',(0.,0.,1.));
#3650=DIRECTION('',(-1.,0.,0.));
#3651=DIRECTION('',(0.,0.,1.));
#3652=DIRECTION('',(-1.,0.,0.));
#3653=DIRECTION('',(0.,0.,1.));
#3654=DIRECTION('',(1.,2.00871176004725E-17,0.));
#3655=DIRECTION('',(-2.00871176004725E-17,1.,0.));
#3656=DIRECTION('',(1.,2.00871176004725E-17,0.));
#3657=DIRECTION('',(-2.00871176004725E-17,1.,0.));
#3658=DIRECTION('',(-2.00871176004725E-17,1.,0.));
#3659=DIRECTION('',(0.,0.,1.));
#3660=DIRECTION('',(-2.00871176004725E-17,1.,0.));
#3661=DIRECTION('',(0.,-1.,0.));
#3662=DIRECTION('',(0.,0.,-1.));
#3663=DIRECTION('',(1.,0.,0.));
#3664=DIRECTION('',(0.,0.,1.));
#3665=DIRECTION('',(1.,0.,0.));
#3666=DIRECTION('',(1.,0.,0.));
#3667=DIRECTION('',(0.,0.,-1.));
#3668=DIRECTION('',(1.,0.,0.));
#3669=DIRECTION('',(0.,0.,-1.));
#3670=DIRECTION('',(0.,1.,0.));
#3671=DIRECTION('',(0.,1.,0.));
#3672=DIRECTION('',(0.,0.,-1.));
#3673=DIRECTION('',(1.,0.,0.));
#3674=DIRECTION('',(0.,0.,-1.));
#3675=DIRECTION('',(1.,0.,0.));
#3676=DIRECTION('',(1.,0.,0.));
#3677=DIRECTION('',(0.,0.,-1.));
#3678=DIRECTION('',(0.,0.,1.));
#3679=DIRECTION('',(1.,0.,0.));
#3680=DIRECTION('',(1.,0.,0.));
#3681=DIRECTION('',(0.,1.,0.));
#3682=DIRECTION('',(-2.7755575615629E-16,-1.,0.));
#3683=DIRECTION('',(0.,0.,1.));
#3684=DIRECTION('',(0.,1.,0.));
#3685=DIRECTION('',(0.,0.,-1.));
#3686=DIRECTION('',(0.,0.,1.));
#3687=DIRECTION('',(1.,0.,0.));
#3688=DIRECTION('',(0.,0.,1.));
#3689=DIRECTION('',(1.,0.,0.));
#3690=DIRECTION('',(0.,0.,1.));
#3691=DIRECTION('',(1.,0.,0.));
#3692=DIRECTION('',(0.,0.,1.));
#3693=DIRECTION('',(1.,0.,0.));
#3694=DIRECTION('',(0.,0.,1.));
#3695=DIRECTION('',(1.,0.,0.));
#3696=DIRECTION('',(0.,1.,0.));
#3697=DIRECTION('',(1.,3.41480999208033E-16,0.));
#3698=DIRECTION('',(3.41480999208034E-16,-1.,0.));
#3699=DIRECTION('',(-1.,-1.36592399683213E-16,0.));
#3700=DIRECTION('',(-2.7755575615629E-16,-1.,0.));
#3701=DIRECTION('',(-1.,0.,0.));
#3702=DIRECTION('',(-1.,0.,0.));
#3703=DIRECTION('',(0.,0.,1.));
#3704=DIRECTION('',(1.,0.,0.));
#3705=DIRECTION('',(0.,1.,0.));
#3706=DIRECTION('',(1.,0.,0.));
#3707=DIRECTION('',(0.999881778089309,-0.0153762753930214,0.));
#3708=DIRECTION('',(0.,-1.,0.));
#3709=DIRECTION('',(-1.,0.,0.));
#3710=DIRECTION('',(-1.29518927081044E-16,1.,0.));
#3711=DIRECTION('',(1.,0.,0.));
#3712=DIRECTION('',(1.29518927081044E-16,1.,0.));
#3713=DIRECTION('',(1.,0.,0.));
#3714=DIRECTION('',(0.,-1.,0.));
#3715=DIRECTION('',(-0.999881778089309,-0.0153762753930214,0.));
#3716=DIRECTION('',(1.,0.,0.));
#3717=DIRECTION('',(0.,-1.,0.));
#3718=DIRECTION('',(1.,-3.30300846315259E-16,0.));
#3719=DIRECTION('',(0.,-1.,0.));
#3720=DIRECTION('',(1.,-3.30300846315259E-16,0.));
#3721=DIRECTION('',(0.,-1.,0.));
#3722=DIRECTION('',(1.,0.,0.));
#3723=DIRECTION('',(0.,0.,1.));
#3724=DIRECTION('',(1.,0.,0.));
#3725=DIRECTION('',(1.,0.,0.));
#3726=DIRECTION('',(0.,1.,0.));
#3727=DIRECTION('',(0.,0.,1.));
#3728=DIRECTION('',(0.,0.,-1.));
#3729=DIRECTION('',(1.,0.,0.));
#3730=DIRECTION('',(0.,0.,-1.));
#3731=DIRECTION('',(0.,0.,-1.));
#3732=DIRECTION('',(0.,1.,0.));
#3733=DIRECTION('',(0.,0.,1.));
#3734=DIRECTION('',(1.,0.,0.));
#3735=DIRECTION('',(0.,0.,-1.));
#3736=DIRECTION('',(0.,0.,-1.));
#3737=DIRECTION('',(3.30300846315259E-16,1.,0.));
#3738=DIRECTION('',(-1.,3.30300846315259E-16,0.));
#3739=DIRECTION('',(1.,-3.30300846315259E-16,0.));
#3740=DIRECTION('',(0.,0.,-1.));
#3741=DIRECTION('',(0.,0.,-1.));
#3742=DIRECTION('',(3.30300846315259E-16,1.,0.));
#3743=DIRECTION('',(-1.,3.30300846315259E-16,0.));
#3744=DIRECTION('',(0.,0.,-1.));
#3745=DIRECTION('',(1.,-3.30300846315259E-16,0.));
#3746=DIRECTION('',(0.,0.,-1.));
#3747=DIRECTION('',(0.,0.,1.));
#3748=DIRECTION('',(1.,0.,0.));
#3749=DIRECTION('',(0.,0.,1.));
#3750=DIRECTION('',(1.,0.,0.));
#3751=DIRECTION('',(0.,0.,1.));
#3752=DIRECTION('',(1.,0.,0.));
#3753=DIRECTION('',(0.,0.,1.));
#3754=DIRECTION('',(1.,0.,0.));
#3755=DIRECTION('',(0.,0.,1.));
#3756=DIRECTION('',(1.,0.,0.));
#3757=DIRECTION('',(-2.7755575615629E-16,-1.,0.));
#3758=DIRECTION('',(0.,0.,1.));
#3759=DIRECTION('',(1.,0.,0.));
#3760=DIRECTION('',(-2.7755575615629E-16,-1.,0.));
#3761=DIRECTION('',(1.,-2.7755575615629E-16,0.));
#3762=DIRECTION('',(1.,3.41480999208033E-16,0.));
#3763=DIRECTION('',(0.,1.,0.));
#3764=DIRECTION('',(-1.,-1.36592399683213E-16,0.));
#3765=DIRECTION('',(3.41480999208034E-16,-1.,0.));
#3766=DIRECTION('',(-0.999881778089309,0.0153762753930214,0.));
#3767=DIRECTION('',(1.29518927081044E-16,-1.,0.));
#3768=DIRECTION('',(1.,0.,0.));
#3769=DIRECTION('',(0.,1.,0.));
#3770=DIRECTION('',(0.999881778089309,0.0153762753930214,0.));
#3771=DIRECTION('',(0.,1.,0.));
#3772=DIRECTION('',(-1.,0.,0.));
#3773=DIRECTION('',(-1.29518927081044E-16,-1.,0.));
#3774=DIRECTION('',(0.,0.,-1.));
#3775=DIRECTION('',(-1.,0.,0.));
#3776=DIRECTION('',(0.,0.,-1.));
#3777=DIRECTION('',(0.,0.,1.));
#3778=DIRECTION('',(1.,0.,0.));
#3779=DIRECTION('',(0.,0.,1.));
#3780=DIRECTION('',(1.,0.,0.));
#3781=DIRECTION('',(1.,0.,0.));
#3782=DIRECTION('',(0.,0.,-1.));
#3783=DIRECTION('',(0.,-1.,0.));
#3784=DIRECTION('',(-1.,0.,0.));
#3785=DIRECTION('',(0.,0.,1.));
#3786=DIRECTION('',(0.,0.,-1.));
#3787=DIRECTION('',(0.,1.,0.));
#3788=DIRECTION('',(0.,0.,1.));
#3789=DIRECTION('',(1.,0.,0.));
#3790=DIRECTION('',(0.,-1.,0.));
#3791=DIRECTION('',(0.,-1.,0.));
#3792=DIRECTION('',(-0.0153762753930214,0.999881778089309,0.));
#3793=DIRECTION('',(-0.999881778089309,-0.0153762753930214,0.));
#3794=DIRECTION('',(0.,0.,1.));
#3795=DIRECTION('',(0.,0.,1.));
#3796=DIRECTION('',(1.,-1.29518927081044E-16,0.));
#3797=DIRECTION('',(1.29518927081044E-16,1.,0.));
#3798=DIRECTION('',(0.,0.,1.));
#3799=DIRECTION('',(-1.,0.,0.));
#3800=DIRECTION('',(0.,0.,1.));
#3801=DIRECTION('',(0.,0.,1.));
#3802=DIRECTION('',(0.,-1.,0.));
#3803=DIRECTION('',(0.,0.,-1.));
#3804=DIRECTION('',(1.,1.29518927081044E-16,0.));
#3805=DIRECTION('',(-1.29518927081044E-16,1.,0.));
#3806=DIRECTION('',(0.,0.,1.));
#3807=DIRECTION('',(0.,0.,1.));
#3808=DIRECTION('',(0.,1.,0.));
#3809=DIRECTION('',(0.,0.,1.));
#3810=DIRECTION('',(0.,0.,1.));
#3811=DIRECTION('',(-0.0153762753930214,-0.999881778089309,0.));
#3812=DIRECTION('',(0.999881778089309,-0.0153762753930214,0.));
#3813=DIRECTION('',(0.,0.,1.));
#3814=DIRECTION('',(-1.,0.,0.));
#3815=DIRECTION('',(0.,0.,1.));
#3816=DIRECTION('',(1.,0.,0.));
#3817=DIRECTION('',(0.,0.,-1.));
#3818=DIRECTION('',(0.,0.,1.));
#3819=DIRECTION('',(0.,0.,1.));
#3820=DIRECTION('',(-1.36592399683213E-16,1.,0.));
#3821=DIRECTION('',(-1.,-1.36592399683213E-16,0.));
#3822=DIRECTION('',(0.,0.,1.));
#3823=DIRECTION('',(-1.,-3.41480999208034E-16,0.));
#3824=DIRECTION('',(3.41480999208034E-16,-1.,0.));
#3825=DIRECTION('',(0.,0.,1.));
#3826=DIRECTION('',(3.41480999208033E-16,-1.,0.));
#3827=DIRECTION('',(1.,3.41480999208033E-16,0.));
#3828=DIRECTION('',(0.,0.,-1.));
#3829=DIRECTION('',(-1.,0.,0.));
#3830=DIRECTION('',(0.,0.,1.));
#3831=DIRECTION('',(1.,0.,0.));
#3832=DIRECTION('',(0.,0.,-1.));
#3833=DIRECTION('',(0.,0.,-1.));
#3834=DIRECTION('',(-1.,0.,0.));
#3835=DIRECTION('',(0.,0.,-1.));
#3836=DIRECTION('',(0.,0.,1.));
#3837=DIRECTION('',(1.,0.,0.));
#3838=DIRECTION('',(0.,0.,-1.));
#3839=DIRECTION('',(0.,0.,-1.));
#3840=DIRECTION('',(-1.,0.,0.));
#3841=DIRECTION('',(0.,0.,1.));
#3842=DIRECTION('',(1.,0.,0.));
#3843=DIRECTION('',(0.,0.,-1.));
#3844=DIRECTION('',(0.,0.,1.));
#3845=DIRECTION('',(1.,0.,0.));
#3846=DIRECTION('',(1.,0.,0.));
#3847=DIRECTION('',(0.,-1.,0.));
#3848=DIRECTION('',(0.,-1.,0.));
#3849=DIRECTION('',(-1.,0.,0.));
#3850=DIRECTION('',(0.,1.,0.));
#3851=DIRECTION('',(1.,0.,0.));
#3852=DIRECTION('',(-1.,0.,0.));
#3853=DIRECTION('',(-1.,2.7755575615629E-16,0.));
#3854=DIRECTION('',(-2.7755575615629E-16,-1.,0.));
#3855=DIRECTION('',(0.,0.,-1.));
#3856=DIRECTION('',(0.,-1.,0.));
#3857=DIRECTION('',(0.,0.,-1.));
#3858=DIRECTION('',(-1.,2.7755575615629E-16,0.));
#3859=DIRECTION('',(-2.7755575615629E-16,-1.,0.));
#3860=DIRECTION('',(0.,0.,-1.));
#3861=DIRECTION('',(0.,-1.,0.));
#3862=DIRECTION('',(0.,0.,-1.));
#3863=DIRECTION('',(2.7755575615629E-16,1.,0.));
#3864=DIRECTION('',(-1.,2.7755575615629E-16,0.));
#3865=DIRECTION('',(1.,-2.7755575615629E-16,0.));
#3866=DIRECTION('',(1.,0.,0.));
#3867=DIRECTION('',(0.,1.,0.));
#3868=DIRECTION('',(1.,0.,0.));
#3869=DIRECTION('',(0.,1.,0.));
#3870=DIRECTION('',(0.,1.,0.));
#3871=DIRECTION('',(0.,0.,1.));
#3872=DIRECTION('',(0.,-1.,0.));
#3873=DIRECTION('',(0.,0.,-1.));
#3874=DIRECTION('',(0.,0.,-1.));
#3875=DIRECTION('',(-1.,0.,0.));
#3876=DIRECTION('',(0.,-1.,0.));
#3877=DIRECTION('',(0.,0.,1.));
#3878=DIRECTION('',(0.,0.,-1.));
#3879=DIRECTION('',(-1.,0.,0.));
#3880=DIRECTION('',(1.,0.,0.));
#3881=DIRECTION('',(0.,1.,0.));
#3882=DIRECTION('',(-1.,0.,0.));
#3883=DIRECTION('',(0.,-1.,0.));
#3884=DIRECTION('',(0.,0.,-1.));
#3885=DIRECTION('',(0.,0.,1.));
#3886=DIRECTION('',(1.,0.,0.));
#3887=DIRECTION('',(0.,0.,1.));
#3888=DIRECTION('',(1.,0.,0.));
#3889=DIRECTION('',(0.,0.,1.));
#3890=DIRECTION('',(1.,0.,0.));
#3891=DIRECTION('',(0.,0.,1.));
#3892=DIRECTION('',(1.,0.,0.));
#3893=DIRECTION('',(0.,0.,1.));
#3894=DIRECTION('',(1.,0.,0.));
#3895=DIRECTION('',(0.,0.,-1.));
#3896=DIRECTION('',(-1.,0.,0.));
#3897=DIRECTION('',(0.,0.,1.));
#3898=DIRECTION('',(1.,0.,0.));
#3899=DIRECTION('',(0.,0.,1.));
#3900=DIRECTION('',(1.,0.,0.));
#3901=DIRECTION('',(0.,0.,1.));
#3902=DIRECTION('',(1.,0.,0.));
#3903=DIRECTION('',(0.,0.,1.));
#3904=DIRECTION('',(1.,0.,0.));
#3905=DIRECTION('',(-1.89878514145081E-17,-1.66653992834594E-18,-1.));
#3906=DIRECTION('',(-0.0108110196700512,-0.999941559219184,1.87172056958552E-18));
#3907=DIRECTION('',(0.,0.,-1.));
#3908=DIRECTION('',(-1.,0.,0.));
#3909=DIRECTION('',(0.,0.,-1.));
#3910=DIRECTION('',(1.,0.,0.));
#3911=DIRECTION('',(0.,0.,-1.));
#3912=DIRECTION('',(1.,0.,0.));
#3913=DIRECTION('',(0.,0.,-1.));
#3914=DIRECTION('',(-1.,0.,0.));
#3915=DIRECTION('',(0.,0.,1.));
#3916=DIRECTION('',(1.,0.,0.));
#3917=DIRECTION('',(0.,0.,1.));
#3918=DIRECTION('',(1.,0.,0.));
#3919=DIRECTION('',(0.,1.,0.));
#3920=DIRECTION('',(0.,0.,1.));
#3921=DIRECTION('',(0.,0.,-1.));
#3922=DIRECTION('',(1.,0.,0.));
#3923=DIRECTION('',(0.,0.,-1.));
#3924=DIRECTION('',(1.,0.,0.));
#3925=DIRECTION('',(1.18816676436768E-16,-1.,0.));
#3926=DIRECTION('',(1.,1.18816676436768E-16,0.));
#3927=DIRECTION('',(-1.,-1.18816676436768E-16,0.));
#3928=DIRECTION('',(0.,0.,-1.));
#3929=DIRECTION('',(-1.,-1.18816676436768E-16,0.));
#3930=DIRECTION('',(0.,0.,-1.));
#3931=DIRECTION('',(0.,0.,-1.));
#3932=DIRECTION('',(-1.,0.,0.));
#3933=DIRECTION('',(0.,0.,1.));
#3934=DIRECTION('',(1.,0.,0.));
#3935=DIRECTION('',(0.,0.,1.));
#3936=DIRECTION('',(1.,0.,0.));
#3937=DIRECTION('',(0.,0.,-1.));
#3938=DIRECTION('',(-1.,0.,0.));
#3939=DIRECTION('',(0.,0.,-1.));
#3940=DIRECTION('',(0.,0.,1.));
#3941=DIRECTION('',(1.,0.,0.));
#3942=DIRECTION('',(0.,0.,-1.));
#3943=DIRECTION('',(0.,0.,-1.));
#3944=DIRECTION('',(-1.,0.,0.));
#3945=DIRECTION('',(0.,0.,-1.));
#3946=DIRECTION('',(0.,0.,1.));
#3947=DIRECTION('',(1.,0.,0.));
#3948=DIRECTION('',(0.,-1.,0.));
#3949=DIRECTION('',(0.,0.,-1.));
#3950=DIRECTION('',(-1.,0.,0.));
#3951=DIRECTION('',(0.,0.,-1.));
#3952=DIRECTION('',(-1.,0.,0.));
#3953=DIRECTION('',(0.,0.,-1.));
#3954=DIRECTION('',(-1.,0.,0.));
#3955=DIRECTION('',(0.,0.,1.));
#3956=DIRECTION('',(1.,0.,0.));
#3957=DIRECTION('',(0.,0.,-1.));
#3958=DIRECTION('',(0.,0.,1.));
#3959=DIRECTION('',(1.,0.,0.));
#3960=DIRECTION('',(0.,-1.,0.));
#3961=DIRECTION('',(0.,0.,-1.));
#3962=DIRECTION('',(-1.,0.,0.));
#3963=DIRECTION('',(-1.,0.,0.));
#3964=DIRECTION('',(0.,1.,0.));
#3965=DIRECTION('',(0.,0.,1.));
#3966=DIRECTION('',(1.,0.,0.));
#3967=DIRECTION('',(0.,0.,-1.));
#3968=DIRECTION('',(1.,0.,0.));
#3969=DIRECTION('',(0.,0.,-1.));
#3970=DIRECTION('',(-1.,0.,0.));
#3971=DIRECTION('',(0.,0.,-1.));
#3972=DIRECTION('',(1.,0.,0.));
#3973=DIRECTION('',(0.,0.,-1.));
#3974=DIRECTION('',(1.,0.,0.));
#3975=DIRECTION('',(0.,0.,1.));
#3976=DIRECTION('',(1.,0.,0.));
#3977=DIRECTION('',(0.,0.,1.));
#3978=DIRECTION('',(1.,0.,0.));
#3979=DIRECTION('',(0.,0.,1.));
#3980=DIRECTION('',(1.,0.,0.));
#3981=DIRECTION('',(0.,0.,-1.));
#3982=DIRECTION('',(1.,0.,0.));
#3983=DIRECTION('',(0.,0.,-1.));
#3984=DIRECTION('',(1.,0.,0.));
#3985=DIRECTION('',(0.,0.,-1.));
#3986=DIRECTION('',(-1.,0.,0.));
#3987=DIRECTION('',(0.,0.,1.));
#3988=DIRECTION('',(1.,0.,0.));
#3989=DIRECTION('',(0.,0.,1.));
#3990=DIRECTION('',(1.,0.,0.));
#3991=DIRECTION('',(0.,0.,1.));
#3992=DIRECTION('',(1.,0.,0.));
#3993=DIRECTION('',(1.,0.,0.));
#3994=DIRECTION('',(0.,1.,0.));
#3995=DIRECTION('',(-1.,0.,0.));
#3996=DIRECTION('',(0.,0.,-1.));
#3997=DIRECTION('',(0.,0.,1.));
#3998=DIRECTION('',(0.,1.,0.));
#3999=DIRECTION('',(0.,0.,1.));
#4000=DIRECTION('',(0.,1.,0.));
#4001=DIRECTION('',(1.,0.,0.));
#4002=DIRECTION('',(0.,0.,-1.));
#4003=DIRECTION('',(1.,0.,0.));
#4004=DIRECTION('',(0.,1.,0.));
#4005=DIRECTION('',(0.,0.,1.));
#4006=DIRECTION('',(0.,1.,0.));
#4007=DIRECTION('',(0.,0.,1.));
#4008=DIRECTION('',(0.,1.,0.));
#4009=DIRECTION('',(1.,0.,0.));
#4010=DIRECTION('',(0.,0.,-1.));
#4011=DIRECTION('',(1.,0.,0.));
#4012=DIRECTION('',(0.,0.,-1.));
#4013=DIRECTION('',(0.,-1.,0.));
#4014=DIRECTION('',(0.,0.,-1.));
#4015=DIRECTION('',(-1.,0.,0.));
#4016=DIRECTION('',(-1.,0.,0.));
#4017=DIRECTION('',(0.,0.,1.));
#4018=DIRECTION('',(1.,0.,0.));
#4019=DIRECTION('',(-1.,0.,0.));
#4020=DIRECTION('',(0.,-1.,0.));
#4021=DIRECTION('',(0.,0.,-1.));
#4022=DIRECTION('',(-1.,0.,0.));
#4023=DIRECTION('',(0.,0.,1.));
#4024=DIRECTION('',(1.,0.,0.));
#4025=DIRECTION('',(1.,0.,0.));
#4026=DIRECTION('',(0.,0.,-1.));
#4027=DIRECTION('',(1.,0.,0.));
#4028=DIRECTION('',(0.,0.,-1.));
#4029=DIRECTION('',(-3.22348627751854E-16,-6.202309419837E-17,1.));
#4030=DIRECTION('',(1.,1.9503466311473E-16,3.22348627751854E-16));
#4031=DIRECTION('',(0.,-1.,0.));
#4032=DIRECTION('',(0.,0.,-1.));
#4033=DIRECTION('',(-1.,0.,0.));
#4034=DIRECTION('',(0.,0.,1.));
#4035=DIRECTION('',(1.,0.,0.));
#4036=DIRECTION('',(0.,0.,1.));
#4037=DIRECTION('',(0.,-1.,0.));
#4038=DIRECTION('',(0.,0.,-1.));
#4039=DIRECTION('',(0.,0.,-1.));
#4040=DIRECTION('',(-1.,0.,0.));
#4041=DIRECTION('',(0.,0.,-1.));
#4042=DIRECTION('',(-1.,0.,0.));
#4043=DIRECTION('',(0.,0.,1.));
#4044=DIRECTION('',(1.,0.,0.));
#4045=DIRECTION('',(0.,0.,1.));
#4046=DIRECTION('',(1.,0.,0.));
#4047=DIRECTION('',(-0.00173685760170913,-0.999998491661698,0.));
#4048=DIRECTION('',(0.,0.,1.));
#4049=DIRECTION('',(1.,0.,0.));
#4050=DIRECTION('',(0.00173685760170918,-0.999998491661698,0.));
#4051=DIRECTION('',(1.,0.,0.));
#4052=DIRECTION('',(-2.00871176004725E-17,1.,0.));
#4053=DIRECTION('',(0.,0.,1.));
#4054=DIRECTION('',(1.,0.,0.));
#4055=DIRECTION('',(0.,1.,0.));
#4056=DIRECTION('',(-1.,-2.00871176004725E-17,0.));
#4057=DIRECTION('',(2.00871176004725E-17,-1.,0.));
#4058=DIRECTION('',(-1.,-2.00871176004725E-17,0.));
#4059=DIRECTION('',(2.00871176004725E-17,-1.,0.));
#4060=DIRECTION('',(0.,0.,1.));
#4061=DIRECTION('',(0.,-1.,0.));
#4062=DIRECTION('',(0.,0.,1.));
#4063=DIRECTION('',(0.,-1.,0.));
#4064=DIRECTION('',(-2.00871176004725E-17,1.,0.));
#4065=DIRECTION('',(0.,1.,0.));
#4066=DIRECTION('',(0.,0.,-1.));
#4067=DIRECTION('',(0.,1.,0.));
#4068=DIRECTION('',(0.,0.,-1.));
#4069=DIRECTION('',(-2.00871176004725E-17,1.,0.));
#4070=DIRECTION('',(0.,0.,-1.));
#4071=DIRECTION('',(0.,-1.,0.));
#4072=DIRECTION('',(0.,0.,-1.));
#4073=DIRECTION('',(-1.,0.,0.));
#4074=DIRECTION('',(0.,0.,-1.));
#4075=DIRECTION('',(-1.,0.,0.));
#4076=DIRECTION('',(-1.,0.,0.));
#4077=DIRECTION('',(0.,0.,1.));
#4078=DIRECTION('',(-1.,0.,0.));
#4079=DIRECTION('',(0.,0.,1.));
#4080=DIRECTION('',(0.,1.,0.));
#4081=DIRECTION('',(0.,0.,-1.));
#4082=DIRECTION('',(0.,1.,0.));
#4083=DIRECTION('',(0.,1.,0.));
#4084=DIRECTION('',(0.,-1.,0.));
#4085=DIRECTION('',(0.,0.,1.));
#4086=DIRECTION('',(0.,-1.,0.));
#4087=DIRECTION('',(0.,0.,1.));
#4088=DIRECTION('',(0.,0.,-1.));
#4089=DIRECTION('',(0.,1.,0.));
#4090=DIRECTION('',(0.,0.,-1.));
#4091=DIRECTION('',(-1.,0.,0.));
#4092=DIRECTION('',(0.,0.,-1.));
#4093=DIRECTION('',(0.,0.,1.));
#4094=DIRECTION('',(1.,0.,0.));
#4095=DIRECTION('',(0.,0.,-1.));
#4096=DIRECTION('',(0.999998491661698,0.00173685760170918,0.));
#4097=DIRECTION('',(-0.00173685760170918,0.999998491661698,0.));
#4098=DIRECTION('',(0.,0.,-1.));
#4099=DIRECTION('',(0.00173685760170918,-0.999998491661698,0.));
#4100=DIRECTION('',(0.,0.,-1.));
#4101=DIRECTION('',(-1.,0.,0.));
#4102=DIRECTION('',(0.,0.,-1.));
#4103=DIRECTION('',(0.,0.,1.));
#4104=DIRECTION('',(1.,0.,0.));
#4105=DIRECTION('',(0.999998491661698,-0.00173685760170913,0.));
#4106=DIRECTION('',(0.00173685760170913,0.999998491661698,0.));
#4107=DIRECTION('',(-0.00173685760170913,-0.999998491661698,0.));
#4108=DIRECTION('',(0.,0.,-1.));
#4109=DIRECTION('',(-1.,0.,0.));
#4110=DIRECTION('',(0.,0.,1.));
#4111=DIRECTION('',(1.,0.,0.));
#4112=DIRECTION('',(0.,0.,1.));
#4113=DIRECTION('',(1.,0.,0.));
#4114=DIRECTION('',(0.,-1.,0.));
#4115=DIRECTION('',(0.,0.,-1.));
#4116=DIRECTION('',(-1.,0.,0.));
#4117=DIRECTION('',(0.,0.,-1.));
#4118=DIRECTION('',(1.,0.,0.));
#4119=DIRECTION('',(0.,0.,-1.));
#4120=DIRECTION('',(-1.,0.,0.));
#4121=DIRECTION('',(-1.,0.,0.));
#4122=DIRECTION('',(0.,0.,-1.));
#4123=DIRECTION('',(-1.,0.,0.));
#4124=DIRECTION('',(-1.,0.,0.));
#4125=DIRECTION('',(0.,-1.,0.));
#4126=DIRECTION('',(1.,0.,0.));
#4127=DIRECTION('',(0.,0.,1.));
#4128=DIRECTION('',(1.,0.,0.));
#4129=DIRECTION('',(-1.,0.,0.));
#4130=DIRECTION('',(0.,0.,1.));
#4131=DIRECTION('',(1.,0.,0.));
#4132=DIRECTION('',(-1.,0.,0.));
#4133=DIRECTION('',(0.,1.,0.));
#4134=DIRECTION('',(-1.,0.,0.));
#4135=DIRECTION('',(1.,0.,0.));
#4136=DIRECTION('',(0.,0.,-1.));
#4137=DIRECTION('',(0.,0.,1.));
#4138=DIRECTION('',(1.,0.,0.));
#4139=DIRECTION('',(-1.,-2.00871176004725E-17,0.));
#4140=DIRECTION('',(2.00871176004725E-17,-1.,0.));
#4141=DIRECTION('',(-1.,-2.00871176004725E-17,0.));
#4142=DIRECTION('',(2.00871176004725E-17,-1.,0.));
#4143=DIRECTION('',(0.,0.,1.));
#4144=DIRECTION('',(2.00871176004725E-17,-1.,0.));
#4145=DIRECTION('',(0.,0.,1.));
#4146=DIRECTION('',(2.00871176004725E-17,-1.,0.));
#4147=DIRECTION('',(-1.,-2.00871176004725E-17,0.));
#4148=DIRECTION('',(2.00871176004725E-17,-1.,0.));
#4149=DIRECTION('',(-1.,-2.00871176004725E-17,0.));
#4150=DIRECTION('',(2.00871176004725E-17,-1.,0.));
#4151=DIRECTION('',(0.,0.,1.));
#4152=DIRECTION('',(2.00871176004725E-17,-1.,0.));
#4153=DIRECTION('',(0.,0.,1.));
#4154=DIRECTION('',(2.00871176004725E-17,-1.,0.));
#4155=DIRECTION('',(-1.,-2.00871176004725E-17,0.));
#4156=DIRECTION('',(2.00871176004725E-17,-1.,0.));
#4157=DIRECTION('',(-1.,-2.00871176004725E-17,0.));
#4158=DIRECTION('',(2.00871176004725E-17,-1.,0.));
#4159=DIRECTION('',(-2.00871176004725E-17,1.,0.));
#4160=DIRECTION('',(-1.,-2.00871176004725E-17,0.));
#4161=DIRECTION('',(1.,2.00871176004725E-17,0.));
#4162=DIRECTION('',(1.,2.00871176004725E-17,0.));
#4163=DIRECTION('',(0.,0.,1.));
#4164=DIRECTION('',(1.,0.,0.));
#4165=DIRECTION('',(1.,2.00871176004725E-17,0.));
#4166=DIRECTION('',(-2.00871176004725E-17,1.,0.));
#4167=DIRECTION('',(-1.,-2.00871176004725E-17,0.));
#4168=DIRECTION('',(1.,2.00871176004725E-17,0.));
#4169=DIRECTION('',(0.,0.,1.));
#4170=DIRECTION('',(1.,0.,0.));
#4171=DIRECTION('',(1.,0.,0.));
#4172=DIRECTION('',(0.,0.,-1.));
#4173=DIRECTION('',(1.,0.,0.));
#4174=DIRECTION('',(0.,0.,-1.));
#4175=DIRECTION('',(0.,0.,1.));
#4176=DIRECTION('',(1.,0.,0.));
#4177=DIRECTION('',(1.56105599637958E-16,-1.,0.));
#4178=DIRECTION('',(1.,1.56105599637958E-16,0.));
#4179=DIRECTION('',(-1.,-1.56105599637958E-16,0.));
#4180=DIRECTION('',(0.,0.,1.));
#4181=DIRECTION('',(-1.,-1.56105599637958E-16,0.));
#4182=DIRECTION('',(0.,0.,1.));
#4183=DIRECTION('',(1.,-1.33337698323056E-16,0.));
#4184=DIRECTION('',(0.,0.,1.));
#4185=DIRECTION('',(0.,0.,-1.));
#4186=DIRECTION('',(-1.,0.,0.));
#4187=DIRECTION('',(0.,0.,1.));
#4188=DIRECTION('',(1.,0.,0.));
#4189=DIRECTION('',(0.,0.,1.));
#4190=DIRECTION('',(0.,0.,1.));
#4191=DIRECTION('',(1.,0.,0.));
#4192=DIRECTION('',(0.,0.,1.));
#4193=DIRECTION('',(1.,-1.33337698323056E-16,0.));
#4194=DIRECTION('',(1.33337698323056E-16,1.,0.));
#4195=DIRECTION('',(0.,0.,1.));
#4196=DIRECTION('',(1.33337698323056E-16,1.,0.));
#4197=DIRECTION('',(0.,0.,1.));
#4198=DIRECTION('',(-1.33337698323056E-16,1.,0.));
#4199=DIRECTION('',(-7.01778233917705E-8,-1.,0.));
#4200=DIRECTION('',(-1.33337698323056E-16,-1.,0.));
#4201=DIRECTION('',(0.,0.,1.));
#4202=DIRECTION('',(-1.33337698323056E-16,-1.,0.));
#4203=DIRECTION('',(0.,0.,1.));
#4204=DIRECTION('',(1.33337698323056E-16,1.,0.));
#4205=DIRECTION('',(0.,0.,1.));
#4206=DIRECTION('',(-7.01778233917705E-8,-1.,0.));
#4207=DIRECTION('',(0.,0.,1.));
#4208=DIRECTION('',(1.33337698323056E-16,-1.,0.));
#4209=DIRECTION('',(-1.,1.33337698323056E-16,0.));
#4210=DIRECTION('',(-1.33337698323056E-16,-1.,0.));
#4211=DIRECTION('',(1.33337698323056E-16,1.,0.));
#4212=DIRECTION('',(0.,0.,1.));
#4213=DIRECTION('',(1.33337698323056E-16,1.,0.));
#4214=DIRECTION('',(-1.33337698323056E-16,-1.,0.));
#4215=DIRECTION('',(0.,0.,1.));
#4216=DIRECTION('',(0.,0.,1.));
#4217=DIRECTION('',(-7.01778233917705E-8,-1.,0.));
#4218=DIRECTION('',(1.,-7.01778233917705E-8,0.));
#4219=DIRECTION('',(1.,-7.01778233917705E-8,0.));
#4220=DIRECTION('',(0.,0.,1.));
#4221=DIRECTION('',(1.,-7.01778233917705E-8,0.));
#4222=DIRECTION('',(7.01778233917706E-8,1.,0.));
#4223=DIRECTION('',(-1.,7.01778233917706E-8,0.));
#4224=DIRECTION('',(0.,0.,1.));
#4225=DIRECTION('',(-1.,7.01778233917705E-8,0.));
#4226=DIRECTION('',(0.,0.,1.));
#4227=DIRECTION('',(-1.,7.01778233917706E-8,0.));
#4228=DIRECTION('',(7.01778233917706E-8,-1.,0.));
#4229=DIRECTION('',(1.,7.01778233917706E-8,0.));
#4230=DIRECTION('',(1.,-7.01778233917705E-8,0.));
#4231=DIRECTION('',(1.,7.01778233917706E-8,0.));
#4232=DIRECTION('',(0.,0.,1.));
#4233=DIRECTION('',(-7.01778233917705E-8,1.,0.));
#4234=DIRECTION('',(-1.,-7.01778233917705E-8,0.));
#4235=DIRECTION('',(-1.,7.01778233917705E-8,0.));
#4236=DIRECTION('',(-1.,-7.01778233917705E-8,0.));
#4237=DIRECTION('',(0.,0.,1.));
#4238=DIRECTION('',(0.,0.,1.));
#4239=DIRECTION('',(1.,0.,0.));
#4240=DIRECTION('',(0.,0.,1.));
#4241=DIRECTION('',(1.,0.,0.));
#4242=DIRECTION('',(0.,0.,1.));
#4243=DIRECTION('',(1.,0.,0.));
#4244=DIRECTION('',(0.,0.,1.));
#4245=DIRECTION('',(1.,0.,0.));
#4246=DIRECTION('',(0.,0.,1.));
#4247=DIRECTION('',(1.,0.,0.));
#4248=DIRECTION('',(0.,-1.,0.));
#4249=DIRECTION('',(1.33337698323056E-16,1.,0.));
#4250=DIRECTION('',(1.,-1.33337698323056E-16,0.));
#4251=DIRECTION('',(-7.01778233917705E-8,-1.,0.));
#4252=DIRECTION('',(1.33337698323056E-16,-1.,0.));
#4253=DIRECTION('',(1.,-1.33337698323056E-16,0.));
#4254=DIRECTION('',(-1.33337698323056E-16,-1.,0.));
#4255=DIRECTION('',(-1.,0.,0.));
#4256=DIRECTION('',(-1.33337698323056E-16,-1.,0.));
#4257=DIRECTION('',(-1.,1.33337698323056E-16,0.));
#4258=DIRECTION('',(-1.,1.33337698323056E-16,0.));
#4259=DIRECTION('',(-1.33337698323056E-16,1.,0.));
#4260=DIRECTION('',(-1.,-1.56105599637958E-16,0.));
#4261=DIRECTION('',(0.,-1.,0.));
#4262=DIRECTION('',(0.,0.,1.));
#4263=DIRECTION('',(1.,0.,0.));
#4264=DIRECTION('',(0.,0.,-1.));
#4265=DIRECTION('',(-1.,0.,0.));
#4266=DIRECTION('',(0.,0.,1.));
#4267=DIRECTION('',(1.,0.,0.));
#4268=DIRECTION('',(0.,0.,1.));
#4269=DIRECTION('',(1.,0.,0.));
#4270=DIRECTION('',(0.,0.,1.));
#4271=DIRECTION('',(1.,0.,0.));
#4272=DIRECTION('',(0.,0.,-1.));
#4273=DIRECTION('',(-1.,0.,0.));
#4274=DIRECTION('',(1.56105599637958E-16,-1.,0.));
#4275=DIRECTION('',(1.,1.56105599637958E-16,0.));
#4276=DIRECTION('',(0.,0.,1.));
#4277=DIRECTION('',(0.,0.,1.));
#4278=DIRECTION('',(-1.,1.33337698323056E-16,0.));
#4279=DIRECTION('',(-1.,-1.56105599637958E-16,0.));
#4280=DIRECTION('',(0.,-1.,0.));
#4281=DIRECTION('',(0.,0.,-1.));
#4282=DIRECTION('',(0.,0.,1.));
#4283=DIRECTION('',(1.,-1.33337698323056E-16,0.));
#4284=DIRECTION('',(0.,0.,1.));
#4285=DIRECTION('',(-1.,0.,0.));
#4286=DIRECTION('',(-1.,1.33337698323056E-16,0.));
#4287=DIRECTION('',(0.,0.,1.));
#4288=DIRECTION('',(0.,0.,1.));
#4289=DIRECTION('',(1.,0.,0.));
#4290=DIRECTION('',(0.,-1.,0.));
#4291=DIRECTION('',(0.,-1.,0.));
#4292=DIRECTION('',(-1.33337698323056E-16,1.,0.));
#4293=DIRECTION('',(0.,0.,-1.));
#4294=DIRECTION('',(1.,0.,0.));
#4295=DIRECTION('',(0.,0.,-1.));
#4296=DIRECTION('',(1.,0.,0.));
#4297=DIRECTION('',(0.,0.,1.));
#4298=DIRECTION('',(1.,0.,0.));
#4299=DIRECTION('',(0.,0.,1.));
#4300=DIRECTION('',(1.,0.,0.));
#4301=DIRECTION('',(0.,0.,1.));
#4302=DIRECTION('',(1.,0.,0.));
#4303=DIRECTION('',(0.,0.,1.));
#4304=DIRECTION('',(1.,0.,0.));
#4305=DIRECTION('',(1.,1.33337698323056E-16,0.));
#4306=DIRECTION('',(-1.33337698323056E-16,1.,0.));
#4307=DIRECTION('',(-1.33337698323056E-16,-1.,0.));
#4308=DIRECTION('',(0.,0.,1.));
#4309=DIRECTION('',(0.,0.,1.));
#4310=DIRECTION('',(0.,0.,1.));
#4311=DIRECTION('',(1.,0.,0.));
#4312=DIRECTION('',(-7.01778233917705E-8,-1.,0.));
#4313=DIRECTION('',(1.,-7.01778233917705E-8,-2.10142153358789E-16));
#4314=DIRECTION('',(7.01778233917705E-8,1.,0.));
#4315=DIRECTION('',(0.,0.,-1.));
#4316=DIRECTION('',(-1.,0.,0.));
#4317=DIRECTION('',(1.33337698323056E-16,1.,0.));
#4318=DIRECTION('',(-1.,1.33337698323056E-16,0.));
#4319=DIRECTION('',(1.,-1.33337698323056E-16,0.));
#4320=DIRECTION('',(0.,0.,1.));
#4321=DIRECTION('',(0.,0.,1.));
#4322=DIRECTION('',(1.,0.,0.));
#4323=DIRECTION('',(0.,0.,1.));
#4324=DIRECTION('',(1.,0.,0.));
#4325=DIRECTION('',(-1.33337698323056E-16,-1.,0.));
#4326=DIRECTION('',(-1.,1.33337698323056E-16,0.));
#4327=DIRECTION('',(-1.33337698323056E-16,-1.,0.));
#4328=DIRECTION('',(0.,0.,-1.));
#4329=DIRECTION('',(-1.,0.,0.));
#4330=DIRECTION('',(0.,0.,1.));
#4331=DIRECTION('',(1.,0.,0.));
#4332=DIRECTION('',(1.,-1.33337698323056E-16,0.));
#4333=DIRECTION('',(1.33337698323056E-16,1.,0.));
#4334=DIRECTION('',(1.33337698323056E-16,1.,0.));
#4335=DIRECTION('',(-1.,1.33337698323056E-16,0.));
#4336=DIRECTION('',(0.,0.,1.));
#4337=DIRECTION('',(-1.,1.33337698323056E-16,0.));
#4338=DIRECTION('',(-1.33337698323056E-16,-1.,0.));
#4339=DIRECTION('',(0.,0.,1.));
#4340=DIRECTION('',(1.,0.,0.));
#4341=DIRECTION('',(0.,0.,1.));
#4342=DIRECTION('',(1.,0.,0.));
#4343=DIRECTION('',(0.,0.,-1.));
#4344=DIRECTION('',(-1.,0.,0.));
#4345=DIRECTION('',(0.,0.,1.));
#4346=DIRECTION('',(1.,0.,0.));
#4347=DIRECTION('',(-1.,1.33337698323056E-16,0.));
#4348=DIRECTION('',(-1.33337698323056E-16,-1.,0.));
#4349=DIRECTION('',(-1.33337698323056E-16,-1.,0.));
#4350=DIRECTION('',(1.,-1.33337698323056E-16,0.));
#4351=DIRECTION('',(0.,0.,1.));
#4352=DIRECTION('',(1.,-1.33337698323056E-16,0.));
#4353=DIRECTION('',(1.33337698323056E-16,1.,0.));
#4354=DIRECTION('',(0.,0.,1.));
#4355=DIRECTION('',(1.,0.,0.));
#4356=DIRECTION('',(0.,0.,1.));
#4357=DIRECTION('',(1.,0.,0.));
#4358=DIRECTION('',(1.33337698323056E-16,1.,0.));
#4359=DIRECTION('',(-1.,1.33337698323056E-16,0.));
#4360=DIRECTION('',(-1.33337698323056E-16,-1.,0.));
#4361=DIRECTION('',(1.,-1.33337698323056E-16,0.));
#4362=DIRECTION('',(0.,0.,1.));
#4363=DIRECTION('',(1.,-1.33337698323056E-16,0.));
#4364=DIRECTION('',(1.33337698323056E-16,1.,0.));
#4365=DIRECTION('',(0.,0.,1.));
#4366=DIRECTION('',(1.,0.,0.));
#4367=DIRECTION('',(0.,0.,1.));
#4368=DIRECTION('',(1.,0.,0.));
#4369=DIRECTION('',(-1.,0.,0.));
#4370=DIRECTION('',(0.,0.,1.));
#4371=DIRECTION('',(-1.,0.,0.));
#4372=DIRECTION('',(0.,0.,1.));
#4373=DIRECTION('',(0.,0.,1.));
#4374=DIRECTION('',(1.,0.,0.));
#4375=CARTESIAN_POINT('',(0.,0.,0.));
#4376=CARTESIAN_POINT('',(-8.67361737988404E-19,0.008,0.029));
#4377=CARTESIAN_POINT('',(-8.67361737988404E-19,0.008,0.029));
#4378=CARTESIAN_POINT('',(0.002,0.0065,0.029));
#4379=CARTESIAN_POINT('',(0.002,0.0095,0.029));
#4380=CARTESIAN_POINT('',(-8.67361737988404E-19,0.0095,0.029));
#4381=CARTESIAN_POINT('',(-0.002,0.0095,0.029));
#4382=CARTESIAN_POINT('',(-8.67361737988404E-19,0.008,0.029));
#4383=CARTESIAN_POINT('',(-0.002,0.0065,0.029));
#4384=CARTESIAN_POINT('',(-8.67361737988404E-19,0.0065,0.029));
#4385=CARTESIAN_POINT('',(-8.67361737988404E-19,0.008,0.029));
#4386=CARTESIAN_POINT('',(-8.67361737988404E-19,0.008,0.023));
#4387=CARTESIAN_POINT('',(0.002,0.0095,0.023));
#4388=CARTESIAN_POINT('',(-0.002,0.0095,0.023));
#4389=CARTESIAN_POINT('',(0.002,0.0095,0.023));
#4390=CARTESIAN_POINT('',(0.002,0.0065,0.023));
#4391=CARTESIAN_POINT('',(0.002,0.0065,0.023));
#4392=CARTESIAN_POINT('',(-8.67361737988404E-19,0.008,0.023));
#4393=CARTESIAN_POINT('',(-0.002,0.0065,0.023));
#4394=CARTESIAN_POINT('',(-0.002,0.0065,0.023));
#4395=CARTESIAN_POINT('',(-0.002,0.0095,0.023));
#4396=CARTESIAN_POINT('',(-8.67361737988404E-19,0.008,0.0205));
#4397=CARTESIAN_POINT('',(0.0025,0.008,0.0205));
#4398=CARTESIAN_POINT('',(-8.67361737988404E-19,0.008,0.0205));
#4399=CARTESIAN_POINT('',(-8.67361737988404E-19,0.0065,0.023));
#4400=CARTESIAN_POINT('',(-8.67361737988404E-19,0.0065,0.023));
#4401=CARTESIAN_POINT('',(-8.67361737988404E-19,0.008,0.023));
#4402=CARTESIAN_POINT('',(-8.67361737988404E-19,0.0095,0.023));
#4403=CARTESIAN_POINT('',(-8.67361737988404E-19,0.0095,0.023));
#4404=CARTESIAN_POINT('',(-8.67361737988404E-19,0.008,0.023));
#4405=CARTESIAN_POINT('',(0.00828714977998712,0.0576777413774009,-0.0269615160724719));
#4406=CARTESIAN_POINT('',(-2.16840434497101E-19,-0.00127,-0.00529403678923588));
#4407=CARTESIAN_POINT('',(-2.16840434497101E-19,-0.00146162055922439,-0.00529403678923588));
#4408=CARTESIAN_POINT('',(-2.16840434497101E-19,-0.00146162055922439,-0.00359403678923588));
#4409=CARTESIAN_POINT('',(-2.16840434497101E-19,-0.00268,-0.00529403678923588));
#4410=CARTESIAN_POINT('',(-2.16840434497101E-19,-0.00268,-0.00699403678923588));
#4411=CARTESIAN_POINT('',(0.,0.,-0.01016));
#4412=CARTESIAN_POINT('',(0.,-3.11060286983428E-19,-0.01016));
#4413=CARTESIAN_POINT('',(-0.00508,-3.11060286983428E-19,-0.01016));
#4414=CARTESIAN_POINT('',(2.16840434497101E-19,4.33680868994202E-19,-0.01016));
#4415=CARTESIAN_POINT('',(-0.00202821728146976,-0.00146162055922438,-0.01016));
#4416=CARTESIAN_POINT('',(-0.0019706315475499,0.00153837944077562,-0.01016));
#4417=CARTESIAN_POINT('',(0.,-0.00146162055922439,-0.01016));
#4418=CARTESIAN_POINT('',(0.00202821728146976,-0.00146162055922439,-0.01016));
#4419=CARTESIAN_POINT('',(-2.16840434497101E-19,-6.50521303491303E-19,-0.01016));
#4420=CARTESIAN_POINT('',(0.0019706315475499,0.00153837944077562,-0.01016));
#4421=CARTESIAN_POINT('',(-4.33680868994202E-19,0.00153837944077562,-0.01016));
#4422=CARTESIAN_POINT('',(0.,1.55530143491714E-18,0.00508));
#4423=CARTESIAN_POINT('',(0.,1.55530143491714E-18,0.00508));
#4424=CARTESIAN_POINT('',(0.0254,1.55530143491714E-18,0.00508));
#4425=CARTESIAN_POINT('',(0.,1.55530143491714E-18,0.));
#4426=CARTESIAN_POINT('',(0.0254,1.55530143491714E-18,0.));
#4427=CARTESIAN_POINT('',(0.,0.,0.00508));
#4428=CARTESIAN_POINT('',(1.0842021724855E-18,-0.02159,0.00508));
#4429=CARTESIAN_POINT('',(0.001575,-0.02159,0.00508));
#4430=CARTESIAN_POINT('',(0.,0.,0.));
#4431=CARTESIAN_POINT('',(0.,-3.11060286983428E-19,0.));
#4432=CARTESIAN_POINT('',(-0.00508,-3.11060286983428E-19,0.));
#4433=CARTESIAN_POINT('',(0.,-3.11060286983428E-19,-0.01016));
#4434=CARTESIAN_POINT('',(0.,-3.11060286983428E-19,0.000705963210764124));
#4435=CARTESIAN_POINT('',(-0.00346410161513775,-0.00371569643539405,-0.00529403678923587));
#4436=CARTESIAN_POINT('',(-0.00173205080756888,-0.00477560467375599,-0.00229403678923588));
#4437=CARTESIAN_POINT('',(0.,-3.11060286983428E-19,-0.00229403678923588));
#4438=CARTESIAN_POINT('',(0.00173205080756888,-0.00477560467375599,-0.00229403678923588));
#4439=CARTESIAN_POINT('',(0.,-3.11060286983428E-19,0.000705963210764124));
#4440=CARTESIAN_POINT('',(0.00346410161513775,-0.00371569643539405,-0.00529403678923588));
#4441=CARTESIAN_POINT('',(0.,-3.11060286983428E-19,-0.0112940367892359));
#4442=CARTESIAN_POINT('',(0.00173205080756888,-0.00477560467375599,-0.00829403678923588));
#4443=CARTESIAN_POINT('',(0.,-3.11060286983428E-19,-0.00829403678923588));
#4444=CARTESIAN_POINT('',(-0.00173205080756888,-0.00477560467375599,-0.00829403678923588));
#4445=CARTESIAN_POINT('',(0.,-3.11060286983428E-19,-0.0112940367892359));
#4446=CARTESIAN_POINT('',(0.,-0.00146162055922439,-0.00316));
#4447=CARTESIAN_POINT('',(-0.00202821728146976,-0.00146162055922438,-0.00316));
#4448=CARTESIAN_POINT('',(-0.00202821728146976,-0.00146162055922438,-0.00316));
#4449=CARTESIAN_POINT('',(0.,-0.00146162055922439,-0.00316));
#4450=CARTESIAN_POINT('',(0.00202821728146976,-0.00146162055922439,-0.00316));
#4451=CARTESIAN_POINT('',(0.00202821728146976,-0.00146162055922439,-0.00316));
#4452=CARTESIAN_POINT('',(2.16840434497101E-19,4.33680868994202E-19,-0.00316));
#4453=CARTESIAN_POINT('',(-0.0019706315475499,0.00153837944077562,-0.00316));
#4454=CARTESIAN_POINT('',(-0.0019706315475499,0.00153837944077562,-0.00316));
#4455=CARTESIAN_POINT('',(2.16840434497101E-19,4.33680868994202E-19,-0.00316));
#4456=CARTESIAN_POINT('',(-4.33680868994202E-19,0.00153837944077562,-0.00316));
#4457=CARTESIAN_POINT('',(0.0019706315475499,0.00153837944077562,-0.00316));
#4458=CARTESIAN_POINT('',(0.0019706315475499,0.00153837944077562,-0.00316));
#4459=CARTESIAN_POINT('',(-4.33680868994202E-19,0.00153837944077562,-0.00316));
#4460=CARTESIAN_POINT('',(-2.16840434497101E-19,-6.50521303491303E-19,-0.00316));
#4461=CARTESIAN_POINT('',(-2.16840434497101E-19,-6.50521303491303E-19,-0.00316));
#4462=CARTESIAN_POINT('',(0.,0.,-0.00316));
#4463=CARTESIAN_POINT('',(0.00259807621135332,-0.00268,-0.00379403678923588));
#4464=CARTESIAN_POINT('',(0.00173205080756888,-0.00268,-0.00229403678923588));
#4465=CARTESIAN_POINT('',(0.00173205080756888,-0.00268,-0.00229403678923588));
#4466=CARTESIAN_POINT('',(0.00259807621135332,-0.00268,-0.00379403678923588));
#4467=CARTESIAN_POINT('',(0.00346410161513775,-0.00268,-0.00529403678923588));
#4468=CARTESIAN_POINT('',(0.00346410161513775,-0.00268,-0.00529403678923588));
#4469=CARTESIAN_POINT('',(0.,-0.00268,-0.00229403678923588));
#4470=CARTESIAN_POINT('',(-0.00173205080756888,-0.00268,-0.00229403678923588));
#4471=CARTESIAN_POINT('',(-0.00173205080756888,-0.00268,-0.00229403678923588));
#4472=CARTESIAN_POINT('',(0.,-0.00268,-0.00229403678923588));
#4473=CARTESIAN_POINT('',(-0.00259807621135332,-0.00268,-0.00379403678923588));
#4474=CARTESIAN_POINT('',(-0.00346410161513775,-0.00268,-0.00529403678923587));
#4475=CARTESIAN_POINT('',(-0.00346410161513775,-0.00268,-0.00529403678923587));
#4476=CARTESIAN_POINT('',(-0.00259807621135332,-0.00268,-0.00379403678923588));
#4477=CARTESIAN_POINT('',(-0.00259807621135332,-0.00268,-0.00679403678923587));
#4478=CARTESIAN_POINT('',(-0.00173205080756888,-0.00268,-0.00829403678923588));
#4479=CARTESIAN_POINT('',(-0.00173205080756888,-0.00268,-0.00829403678923588));
#4480=CARTESIAN_POINT('',(-0.00259807621135332,-0.00268,-0.00679403678923587));
#4481=CARTESIAN_POINT('',(-4.33680868994202E-19,-0.00268,-0.00829403678923588));
#4482=CARTESIAN_POINT('',(0.00173205080756888,-0.00268,-0.00829403678923588));
#4483=CARTESIAN_POINT('',(0.00173205080756888,-0.00268,-0.00829403678923588));
#4484=CARTESIAN_POINT('',(-4.33680868994202E-19,-0.00268,-0.00829403678923588));
#4485=CARTESIAN_POINT('',(0.00259807621135332,-0.00268,-0.00679403678923588));
#4486=CARTESIAN_POINT('',(0.00259807621135332,-0.00268,-0.00679403678923588));
#4487=CARTESIAN_POINT('',(0.,-0.00268,-0.00529403678923588));
#4488=CARTESIAN_POINT('',(1.0842021724855E-18,-0.02159,0.00127));
#4489=CARTESIAN_POINT('',(1.0842021724855E-18,-0.02159,0.00127));
#4490=CARTESIAN_POINT('',(0.001575,-0.02159,0.00127));
#4491=CARTESIAN_POINT('',(0.,0.,0.00127));
#4492=CARTESIAN_POINT('',(0.00820066162262672,0.0496782089036473,0.00519848392752805));
#4493=CARTESIAN_POINT('',(0.,-0.0377712228459295,-0.0509778));
#4494=CARTESIAN_POINT('',(0.,-0.0377712228459295,-0.0458978));
#4495=CARTESIAN_POINT('',(0.0035,-0.0377712228459295,-0.0458978));
#4496=CARTESIAN_POINT('',(-0.0035,-0.0377712228459295,-0.0458978));
#4497=CARTESIAN_POINT('',(-0.0035,-0.0377712228459295,-0.0509778));
#4498=CARTESIAN_POINT('',(-0.0035,-0.0377712228459295,-0.0509778));
#4499=CARTESIAN_POINT('',(0.,-0.0377712228459295,-0.0509778));
#4500=CARTESIAN_POINT('',(0.0035,-0.0377712228459295,-0.0509778));
#4501=CARTESIAN_POINT('',(0.0035,-0.0377712228459295,-0.0509778));
#4502=CARTESIAN_POINT('',(-0.0035,0.,-0.0509778));
#4503=CARTESIAN_POINT('',(-0.0035,-0.0301512228459295,-0.0481203));
#4504=CARTESIAN_POINT('',(-0.0035,-0.0285512228459295,-0.0481203));
#4505=CARTESIAN_POINT('',(-0.0035,0.,-0.0458978));
#4506=CARTESIAN_POINT('',(-0.0035,-0.0276112228459295,-0.0458978));
#4507=CARTESIAN_POINT('',(-0.0035,-0.0276112228459295,-0.0509778));
#4508=CARTESIAN_POINT('',(-0.0035,-0.0276112228459295,-0.0509778));
#4509=CARTESIAN_POINT('',(-0.0035,0.,-0.0509778));
#4510=CARTESIAN_POINT('',(2.16840434497101E-18,-0.0276112228459295,-0.0509778));
#4511=CARTESIAN_POINT('',(2.16840434497101E-18,-0.0276112228459295,-0.0458978));
#4512=CARTESIAN_POINT('',(0.0035,-0.0276112228459295,-0.0458978));
#4513=CARTESIAN_POINT('',(0.0035,-0.0276112228459295,-0.0509778));
#4514=CARTESIAN_POINT('',(0.0035,-0.0276112228459295,-0.0509778));
#4515=CARTESIAN_POINT('',(2.16840434497101E-18,-0.0276112228459295,-0.0509778));
#4516=CARTESIAN_POINT('',(0.0035,0.,-0.0509778));
#4517=CARTESIAN_POINT('',(0.0035,-0.0301512228459295,-0.0481203));
#4518=CARTESIAN_POINT('',(0.0035,-0.0301512228459295,-0.0497203));
#4519=CARTESIAN_POINT('',(0.0035,0.,-0.0458978));
#4520=CARTESIAN_POINT('',(0.0035,0.,-0.0509778));
#4521=CARTESIAN_POINT('',(0.,-0.0326912228459296,-0.0509778));
#4522=CARTESIAN_POINT('',(0.,-0.0326912228459296,-0.0458978));
#4523=CARTESIAN_POINT('',(-0.0994063387677485,-0.0301512228459295,-0.0481203));
#4524=CARTESIAN_POINT('',(0.00799392788331994,0.0487144317495769,0.00519848392752803));
#4525=CARTESIAN_POINT('',(-0.02373,0.0839873440362015,0.01397));
#4526=CARTESIAN_POINT('',(-0.02373,0.0953622622482593,0.00254));
#4527=CARTESIAN_POINT('',(-0.02373,0.0942024258241436,0.00254));
#4528=CARTESIAN_POINT('',(-0.02373,0.0826622622482593,0.00254));
#4529=CARTESIAN_POINT('',(-0.02373,0.0942024258241436,0.01397));
#4530=CARTESIAN_POINT('',(-0.02373,0.0942024258241436,0.0254));
#4531=CARTESIAN_POINT('',(-0.02373,0.0839873440362015,0.0254));
#4532=CARTESIAN_POINT('',(-0.02373,0.0826622622482593,0.0254));
#4533=CARTESIAN_POINT('',(-0.02373,0.0826622622482593,0.0254));
#4534=CARTESIAN_POINT('',(0.,0.,0.00254));
#4535=CARTESIAN_POINT('',(0.0190878056275954,0.038355,0.00254));
#4536=CARTESIAN_POINT('',(0.0207378056275953,0.038355,0.00254));
#4537=CARTESIAN_POINT('',(0.0190878056275954,0.063755,0.00254));
#4538=CARTESIAN_POINT('',(0.0207378056275953,0.063755,0.00254));
#4539=CARTESIAN_POINT('',(-0.0190878056275954,0.063755,0.00254));
#4540=CARTESIAN_POINT('',(-0.0174378056275954,0.063755,0.00254));
#4541=CARTESIAN_POINT('',(-0.0190878056275954,0.038355,0.00254));
#4542=CARTESIAN_POINT('',(-0.0174378056275954,0.038355,0.00254));
#4543=CARTESIAN_POINT('',(0.0254,0.0254,0.00254));
#4544=CARTESIAN_POINT('',(0.0254,0.02032,0.00254));
#4545=CARTESIAN_POINT('',(0.0254,0.03048,0.00254));
#4546=CARTESIAN_POINT('',(0.,0.02032,0.00254));
#4547=CARTESIAN_POINT('',(-0.0254,0.02032,0.00254));
#4548=CARTESIAN_POINT('',(-0.0254,0.0254,0.00254));
#4549=CARTESIAN_POINT('',(-0.0254,0.03048,0.00254));
#4550=CARTESIAN_POINT('',(0.,0.03048,0.00254));
#4551=CARTESIAN_POINT('',(0.02373,0.0953622622482593,0.00254));
#4552=CARTESIAN_POINT('',(0.02373,0.0942024258241436,0.00254));
#4553=CARTESIAN_POINT('',(0.02373,0.0826622622482593,0.00254));
#4554=CARTESIAN_POINT('',(0.02427,0.0942024258241436,0.00254));
#4555=CARTESIAN_POINT('',(-0.02373,0.0826622622482593,0.00254));
#4556=CARTESIAN_POINT('',(-0.025,0.0826622622482593,0.00254));
#4557=CARTESIAN_POINT('',(-4.63731787264739E-17,3.74700270810991E-16,0.00254));
#4558=CARTESIAN_POINT('',(-0.066215035697491,-0.0554402258976274,0.00254));
#4559=CARTESIAN_POINT('',(-0.066215035697491,-0.0470053994183292,0.00254));
#4560=CARTESIAN_POINT('',(-0.066215035697491,-0.0374803994183292,0.00254));
#4561=CARTESIAN_POINT('',(0.061005915796305,-0.0374803994183292,0.00254));
#4562=CARTESIAN_POINT('',(-0.0571000712013145,-0.0374803994183292,0.00254));
#4563=CARTESIAN_POINT('',(-0.0647200712013245,-0.0373632183464641,0.00254));
#4564=CARTESIAN_POINT('',(-0.0723400712013245,-0.0372460372745991,0.00254));
#4565=CARTESIAN_POINT('',(-0.0723400712013245,-0.0105760372745991,0.00254));
#4566=CARTESIAN_POINT('',(-0.0723400712013245,0.016093962725401,0.00254));
#4567=CARTESIAN_POINT('',(-0.0647200712013245,0.016093962725401,0.00254));
#4568=CARTESIAN_POINT('',(-0.0571000712013245,0.016093962725401,0.00254));
#4569=CARTESIAN_POINT('',(-0.0571000712013245,-0.0106932183464641,0.00254));
#4570=CARTESIAN_POINT('',(0.061005915796305,-0.0374803994183292,0.00254));
#4571=CARTESIAN_POINT('',(0.0571000712013245,-0.0374803994183292,0.00254));
#4572=CARTESIAN_POINT('',(0.0571000712013245,-0.0106932183464641,0.00254));
#4573=CARTESIAN_POINT('',(0.0571000712013245,0.016093962725401,0.00254));
#4574=CARTESIAN_POINT('',(0.0647200712013245,0.016093962725401,0.00254));
#4575=CARTESIAN_POINT('',(0.0723400712013245,0.016093962725401,0.00254));
#4576=CARTESIAN_POINT('',(0.0723400712013245,-0.0105760372745991,0.00254));
#4577=CARTESIAN_POINT('',(0.0723400712013245,-0.0372460372745991,0.00254));
#4578=CARTESIAN_POINT('',(0.0647200712013245,-0.0373632183464641,0.00254));
#4579=CARTESIAN_POINT('',(0.061005915796305,-0.0374803994183292,0.00254));
#4580=CARTESIAN_POINT('',(0.0572917603912662,-0.0374803994183292,0.00254));
#4581=CARTESIAN_POINT('',(0.0572917603912662,-0.0470053994183292,0.00254));
#4582=CARTESIAN_POINT('',(0.0572917603912662,-0.0400203994183292,0.00254));
#4583=CARTESIAN_POINT('',(0.,-0.0400203994183291,0.00254));
#4584=CARTESIAN_POINT('',(-0.0630233980443786,-0.0400203994183291,0.00254));
#4585=CARTESIAN_POINT('',(-0.0630233980443786,-0.0470053994183292,0.00254));
#4586=CARTESIAN_POINT('',(-0.0630233980443786,-0.0539903994183291,0.00254));
#4587=CARTESIAN_POINT('',(-1.38777878078145E-17,-0.0539903994183292,0.00254));
#4588=CARTESIAN_POINT('',(0.0572917603912662,-0.0539903994183292,0.00254));
#4589=CARTESIAN_POINT('',(0.0572917603912662,-0.0470053994183292,0.00254));
#4590=CARTESIAN_POINT('',(0.0572917603912662,-0.0565303994183291,0.00254));
#4591=CARTESIAN_POINT('',(-0.000651637653112408,-0.0565303994183291,0.00254));
#4592=CARTESIAN_POINT('',(-0.0652867792252316,-0.0565303994183291,0.00254));
#4593=CARTESIAN_POINT('',(-4.63731787264739E-17,3.74700270810991E-16,0.00254));
#4594=CARTESIAN_POINT('',(0.025,0.0826622622482593,0.00254));
#4595=CARTESIAN_POINT('',(0.02373,0.0826622622482593,0.00254));
#4596=CARTESIAN_POINT('',(-0.000651637653112408,-0.0565303994183291,0.02794));
#4597=CARTESIAN_POINT('',(0.0572917603912662,-0.0565303994183291,0.02794));
#4598=CARTESIAN_POINT('',(0.0572917603912662,-0.0565303994183291,0.02794));
#4599=CARTESIAN_POINT('',(-0.000651637653112408,-0.0565303994183291,0.02794));
#4600=CARTESIAN_POINT('',(-0.0652867792252316,-0.0565303994183291,0.02794));
#4601=CARTESIAN_POINT('',(-0.0652867792252316,-0.0565303994183291,0.02794));
#4602=CARTESIAN_POINT('',(-0.0652867792252316,-0.0565303994183291,0.0254));
#4603=CARTESIAN_POINT('',(-0.0652867792252316,-0.0565303994183291,0.02794));
#4604=CARTESIAN_POINT('',(0.061005915796305,-0.0374803994183292,0.02794));
#4605=CARTESIAN_POINT('',(0.061005915796305,-0.0374803994183292,0.02794));
#4606=CARTESIAN_POINT('',(-0.066215035697491,-0.0374803994183292,0.02794));
#4607=CARTESIAN_POINT('',(0.0572917603912662,-0.0374803994183292,0.02794));
#4608=CARTESIAN_POINT('',(0.0572917603912662,-0.0374803994183292,0.02794));
#4609=CARTESIAN_POINT('',(-0.066215035697491,-0.0374803994183292,0.02794));
#4610=CARTESIAN_POINT('',(-1.38777878078145E-17,-0.0539903994183292,0.02794));
#4611=CARTESIAN_POINT('',(-1.38777878078145E-17,-0.0539903994183292,0.02794));
#4612=CARTESIAN_POINT('',(-0.0630233980443786,-0.0539903994183291,0.02794));
#4613=CARTESIAN_POINT('',(0.0572917603912662,-0.0539903994183292,0.02794));
#4614=CARTESIAN_POINT('',(0.0572917603912662,-0.0539903994183292,0.02794));
#4615=CARTESIAN_POINT('',(-0.0630233980443786,-0.0539903994183291,0.02794));
#4616=CARTESIAN_POINT('',(0.,-0.0400203994183291,0.02794));
#4617=CARTESIAN_POINT('',(0.0572917603912662,-0.0400203994183292,0.02794));
#4618=CARTESIAN_POINT('',(0.0572917603912662,-0.0400203994183291,0.02794));
#4619=CARTESIAN_POINT('',(0.,-0.0400203994183291,0.02794));
#4620=CARTESIAN_POINT('',(-0.0630233980443786,-0.0400203994183291,0.02794));
#4621=CARTESIAN_POINT('',(-0.0630233980443786,-0.0400203994183291,0.02794));
#4622=CARTESIAN_POINT('',(0.,0.,0.));
#4623=CARTESIAN_POINT('',(0.0190878056275954,0.038355,0.));
#4624=CARTESIAN_POINT('',(0.0207378056275953,0.038355,0.));
#4625=CARTESIAN_POINT('',(0.0190878056275954,0.063755,0.));
#4626=CARTESIAN_POINT('',(0.0207378056275953,0.063755,0.));
#4627=CARTESIAN_POINT('',(-0.0190878056275954,0.063755,0.));
#4628=CARTESIAN_POINT('',(-0.0174378056275954,0.063755,0.));
#4629=CARTESIAN_POINT('',(-0.0190878056275954,0.038355,0.));
#4630=CARTESIAN_POINT('',(-0.0174378056275954,0.038355,0.));
#4631=CARTESIAN_POINT('',(0.025,0.0953622622482593,0.));
#4632=CARTESIAN_POINT('',(0.025,0.0953622622482593,0.));
#4633=CARTESIAN_POINT('',(0.025,0.0853124258241434,0.));
#4634=CARTESIAN_POINT('',(2.44188460260446E-17,-1.2490009027033E-16,0.));
#4635=CARTESIAN_POINT('',(-0.025,0.0853124258241436,0.));
#4636=CARTESIAN_POINT('',(-0.025,0.0953622622482593,0.));
#4637=CARTESIAN_POINT('',(-0.025,0.0953622622482593,0.));
#4638=CARTESIAN_POINT('',(3.52495810318487E-18,0.0953622622482593,0.));
#4639=CARTESIAN_POINT('',(-6.93889390390723E-18,0.02032,0.));
#4640=CARTESIAN_POINT('',(-0.0254,0.02032,0.));
#4641=CARTESIAN_POINT('',(0.0254,0.02032,0.));
#4642=CARTESIAN_POINT('',(0.0254,0.,0.));
#4643=CARTESIAN_POINT('',(0.0254,0.03048,0.));
#4644=CARTESIAN_POINT('',(-4.16333634234434E-18,0.03048,0.));
#4645=CARTESIAN_POINT('',(-0.0254,0.03048,0.));
#4646=CARTESIAN_POINT('',(-0.0254,-8.67361737988404E-18,0.));
#4647=CARTESIAN_POINT('',(-0.0647200712013245,-0.0373632183464641,0.));
#4648=CARTESIAN_POINT('',(-0.0571000712013145,-0.0374803994183292,0.));
#4649=CARTESIAN_POINT('',(-0.0723400712013245,-0.0372460372745991,0.));
#4650=CARTESIAN_POINT('',(-0.0571000712013245,-0.0106932183464641,0.));
#4651=CARTESIAN_POINT('',(-0.0571000712013245,0.016093962725401,0.));
#4652=CARTESIAN_POINT('',(-0.0647200712013245,0.016093962725401,0.));
#4653=CARTESIAN_POINT('',(-0.0723400712013245,0.016093962725401,0.));
#4654=CARTESIAN_POINT('',(-0.0723400712013245,-0.0105760372745991,0.));
#4655=CARTESIAN_POINT('',(0.0647200712013245,-0.0373632183464641,0.));
#4656=CARTESIAN_POINT('',(0.0571000712013245,-0.0374803994183292,0.));
#4657=CARTESIAN_POINT('',(0.0723400712013245,-0.0372460372745991,0.));
#4658=CARTESIAN_POINT('',(0.0723400712013245,-0.0105760372745991,0.));
#4659=CARTESIAN_POINT('',(0.0723400712013245,0.016093962725401,0.));
#4660=CARTESIAN_POINT('',(0.0647200712013245,0.016093962725401,0.));
#4661=CARTESIAN_POINT('',(0.0571000712013245,0.016093962725401,0.));
#4662=CARTESIAN_POINT('',(0.0571000712013245,-0.0106932183464641,0.));
#4663=CARTESIAN_POINT('',(-4.63731787264739E-17,3.74700270810991E-16,0.00254));
#4664=CARTESIAN_POINT('',(-0.066215035697491,-0.0554402258976274,0.02794));
#4665=CARTESIAN_POINT('',(-0.066215035697491,-0.0554402258976274,0.02794));
#4666=CARTESIAN_POINT('',(-0.066215035697491,-0.0554402258976274,0.0254));
#4667=CARTESIAN_POINT('',(-4.63731787264739E-17,3.74700270810991E-16,0.0254));
#4668=CARTESIAN_POINT('',(-4.63731787264739E-17,3.74700270810991E-16,0.02794));
#4669=CARTESIAN_POINT('',(-0.0630233980443786,-0.0470053994183292,0.02794));
#4670=CARTESIAN_POINT('',(-0.0630233980443786,-0.0470053994183292,0.02794));
#4671=CARTESIAN_POINT('',(-0.066215035697491,-0.0470053994183292,0.02794));
#4672=CARTESIAN_POINT('',(-0.066215035697491,-0.0554402258976274,0.02794));
#4673=CARTESIAN_POINT('',(-0.066215035697491,-0.0470053994183292,0.02794));
#4674=CARTESIAN_POINT('',(-4.16333634234433E-17,-0.00184886887587015,0.02794));
#4675=CARTESIAN_POINT('',(0.0572917603912662,-0.0470053994183292,0.02794));
#4676=CARTESIAN_POINT('',(0.0572917603912662,-0.0470053994183292,0.02794));
#4677=CARTESIAN_POINT('',(0.0647200712013245,-0.0373632183464641,-1.99999999999983E-6));
#4678=CARTESIAN_POINT('',(0.0571000712013245,-0.0374803994183292,-1.99999999999983E-6));
#4679=CARTESIAN_POINT('',(0.0723400712013245,-0.0372460372745991,-1.99999999999983E-6));
#4680=CARTESIAN_POINT('',(0.0571000712013245,-0.0106932183464641,-1.99999999999983E-6));
#4681=CARTESIAN_POINT('',(0.0571000712013245,0.016093962725401,-1.99999999999983E-6));
#4682=CARTESIAN_POINT('',(0.0723400712013245,-0.0105760372745991,-1.99999999999983E-6));
#4683=CARTESIAN_POINT('',(0.0723400712013245,0.016093962725401,-1.99999999999983E-6));
#4684=CARTESIAN_POINT('',(0.0647200712013245,0.016093962725401,-1.99999999999983E-6));
#4685=CARTESIAN_POINT('',(-0.0571000712013245,-0.0106932183464641,-1.99999999999983E-6));
#4686=CARTESIAN_POINT('',(-0.0571000712013145,-0.0374803994183292,-1.99999999999983E-6));
#4687=CARTESIAN_POINT('',(-0.0571000712013245,0.016093962725401,-1.99999999999983E-6));
#4688=CARTESIAN_POINT('',(-0.0647200712013245,0.016093962725401,-1.99999999999983E-6));
#4689=CARTESIAN_POINT('',(-0.0723400712013245,0.016093962725401,-1.99999999999983E-6));
#4690=CARTESIAN_POINT('',(-0.0647200712013245,-0.0373632183464641,-1.99999999999983E-6));
#4691=CARTESIAN_POINT('',(-0.0723400712013245,-0.0372460372745991,-1.99999999999983E-6));
#4692=CARTESIAN_POINT('',(-0.0723400712013245,-0.0105760372745991,-1.99999999999983E-6));
#4693=CARTESIAN_POINT('',(0.0254,0.0254,-0.240742207897901));
#4694=CARTESIAN_POINT('',(0.0254,0.02032,-0.240742207897901));
#4695=CARTESIAN_POINT('',(0.0254,0.03048,-0.240742207897901));
#4696=CARTESIAN_POINT('',(0.,0.03048,-0.240742207897901));
#4697=CARTESIAN_POINT('',(-0.0254,0.03048,-0.240742207897901));
#4698=CARTESIAN_POINT('',(-0.0254,0.0254,-0.240742207897901));
#4699=CARTESIAN_POINT('',(-0.0254,0.02032,-0.240742207897901));
#4700=CARTESIAN_POINT('',(0.,0.02032,-0.240742207897901));
#4701=CARTESIAN_POINT('',(-4.63731787264739E-17,3.74700270810991E-16,0.0254));
#4702=CARTESIAN_POINT('',(-4.63731787264739E-17,3.74700270810991E-16,0.0254));
#4703=CARTESIAN_POINT('',(0.025,0.0826622622482593,0.0254));
#4704=CARTESIAN_POINT('',(0.025,0.0826622622482593,0.0254));
#4705=CARTESIAN_POINT('',(2.44188460260446E-17,-1.2490009027033E-16,0.0254));
#4706=CARTESIAN_POINT('',(0.025,0.0853124258241436,0.0254));
#4707=CARTESIAN_POINT('',(0.025,0.0853124258241436,0.0254));
#4708=CARTESIAN_POINT('',(2.44188460260446E-17,-1.2490009027033E-16,0.0254));
#4709=CARTESIAN_POINT('',(-0.025,0.0853124258241436,0.0254));
#4710=CARTESIAN_POINT('',(-0.025,0.0853124258241436,0.0254));
#4711=CARTESIAN_POINT('',(-4.63731787264739E-17,3.74700270810991E-16,0.0254));
#4712=CARTESIAN_POINT('',(-4.63731787264739E-17,3.74700270810991E-16,0.0254));
#4713=CARTESIAN_POINT('',(-0.025,0.0826622622482593,0.0254));
#4714=CARTESIAN_POINT('',(-0.025,0.0826622622482593,0.0254));
#4715=CARTESIAN_POINT('',(0.,0.,0.0254));
#4716=CARTESIAN_POINT('',(0.02373,0.0954724258241436,0.0254));
#4717=CARTESIAN_POINT('',(-0.025,0.0954724258241436,0.0254));
#4718=CARTESIAN_POINT('',(0.025,0.0954724258241436,0.0254));
#4719=CARTESIAN_POINT('',(-0.025,0.0954724258241436,0.0254));
#4720=CARTESIAN_POINT('',(0.025,0.0954724258241436,0.0254));
#4721=CARTESIAN_POINT('',(0.02427,0.0942024258241436,0.0254));
#4722=CARTESIAN_POINT('',(0.02373,0.0942024258241436,0.0254));
#4723=CARTESIAN_POINT('',(0.02373,0.0839873440362015,0.0254));
#4724=CARTESIAN_POINT('',(0.02373,0.0826622622482593,0.0254));
#4725=CARTESIAN_POINT('',(0.02373,0.0826622622482593,0.0254));
#4726=CARTESIAN_POINT('',(-0.02373,0.0826622622482593,0.0254));
#4727=CARTESIAN_POINT('',(-0.025,0.0953622622482593,0.00254));
#4728=CARTESIAN_POINT('',(-0.025,0.0954724258241436,0.0254));
#4729=CARTESIAN_POINT('',(-0.025,0.0954724258241436,0.00254));
#4730=CARTESIAN_POINT('',(-0.025,0.0954724258241436,0.00254));
#4731=CARTESIAN_POINT('',(-0.025,0.0953622622482593,0.00254));
#4732=CARTESIAN_POINT('',(-0.025,0.0953622622482593,0.00254));
#4733=CARTESIAN_POINT('',(0.025,0.0953622622482593,0.00254));
#4734=CARTESIAN_POINT('',(0.025,0.0953622622482593,0.00254));
#4735=CARTESIAN_POINT('',(0.025,0.0953622622482593,0.00254));
#4736=CARTESIAN_POINT('',(0.025,0.0954724258241436,0.00254));
#4737=CARTESIAN_POINT('',(0.025,0.0954724258241436,0.00254));
#4738=CARTESIAN_POINT('',(0.025,0.0954724258241436,0.0254));
#4739=CARTESIAN_POINT('',(1.60600039512291E-17,0.0953622622482593,0.00127));
#4740=CARTESIAN_POINT('',(3.52495810318487E-18,0.0953622622482593,0.00254));
#4741=CARTESIAN_POINT('',(0.0572917603912662,-0.0470053994183291,0.01524));
#4742=CARTESIAN_POINT('',(0.0572917603912662,-0.0470053994183291,0.01524));
#4743=CARTESIAN_POINT('',(-0.02373,0.0826622622482593,0.0254));
#4744=CARTESIAN_POINT('',(0.02373,0.0826622622482593,0.0254));
#4745=CARTESIAN_POINT('',(0.02373,0.0826622622482593,0.0254));
#4746=CARTESIAN_POINT('',(0.02373,0.0839873440362015,0.01397));
#4747=CARTESIAN_POINT('',(0.02373,0.0942024258241436,0.01397));
#4748=CARTESIAN_POINT('',(0.02373,0.0954724258241436,0.00254));
#4749=CARTESIAN_POINT('',(0.02373,0.0954724258241436,0.00254));
#4750=CARTESIAN_POINT('',(0.024365,0.0954724258241436,0.01397));
#4751=CARTESIAN_POINT('',(0.02427,0.0942024258241436,0.01397));
#4752=CARTESIAN_POINT('',(-0.0190878056275954,0.038355,-0.247506117731133));
#4753=CARTESIAN_POINT('',(-0.0190878056275954,0.063755,-0.247506117731133));
#4754=CARTESIAN_POINT('',(0.0190878056275954,0.063755,-0.247506117731133));
#4755=CARTESIAN_POINT('',(0.0190878056275954,0.038355,-0.247506117731133));
#4756=CARTESIAN_POINT('',(0.00820066162262672,-0.00937679109635268,-0.0305515160724719));
#4757=CARTESIAN_POINT('',(1.0842021724855E-18,-0.02159,0.01397));
#4758=CARTESIAN_POINT('',(1.0842021724855E-18,-0.02159,0.01397));
#4759=CARTESIAN_POINT('',(0.00155,-0.02159,0.01397));
#4760=CARTESIAN_POINT('',(1.0842021724855E-18,-0.02159,0.00127));
#4761=CARTESIAN_POINT('',(0.00155,-0.02159,0.00127));
#4762=CARTESIAN_POINT('',(8.67361737988404E-19,-0.02159,0.01397));
#4763=CARTESIAN_POINT('',(8.67361737988404E-19,-0.02159,0.00127));
#4764=CARTESIAN_POINT('',(-0.013621486555592,0.0283228805547814,0.0204384839275281));
#4765=CARTESIAN_POINT('',(-0.0175,1.22464679914735E-19,0.019));
#4766=CARTESIAN_POINT('',(-0.0175,1.22464679914735E-19,0.019));
#4767=CARTESIAN_POINT('',(-0.0155,1.22464679914735E-19,0.019));
#4768=CARTESIAN_POINT('',(-0.0175,1.22464679914735E-19,0.018));
#4769=CARTESIAN_POINT('',(-0.0155,1.22464679914735E-19,0.018));
#4770=CARTESIAN_POINT('',(0.0175,1.22464679914735E-19,0.019));
#4771=CARTESIAN_POINT('',(0.0175,1.22464679914735E-19,0.019));
#4772=CARTESIAN_POINT('',(0.0195,1.22464679914735E-19,0.019));
#4773=CARTESIAN_POINT('',(0.0175,1.22464679914735E-19,0.018));
#4774=CARTESIAN_POINT('',(0.0195,1.22464679914735E-19,0.018));
#4775=CARTESIAN_POINT('',(-0.015527720855863,-0.0035,0.019));
#4776=CARTESIAN_POINT('',(-0.0175,-0.0035,0.019));
#4777=CARTESIAN_POINT('',(-0.0175,-0.0035,0.019));
#4778=CARTESIAN_POINT('',(-0.0175,-0.0035,0.018));
#4779=CARTESIAN_POINT('',(-0.015527720855863,-0.0035,0.018));
#4780=CARTESIAN_POINT('',(-0.013555441711726,-0.0035,0.018));
#4781=CARTESIAN_POINT('',(-0.013555441711726,-0.0035,0.019));
#4782=CARTESIAN_POINT('',(-0.013555441711726,-0.0035,0.019));
#4783=CARTESIAN_POINT('',(-0.015527720855863,-0.0035,0.019));
#4784=CARTESIAN_POINT('',(-4.33680868994202E-19,-0.0119461290801665,0.019));
#4785=CARTESIAN_POINT('',(-4.33680868994202E-19,-0.0119461290801665,0.));
#4786=CARTESIAN_POINT('',(0.0073,-0.0119461290801665,0.));
#4787=CARTESIAN_POINT('',(-0.0073,-0.0119461290801665,0.));
#4788=CARTESIAN_POINT('',(0.0073,-0.0119461290801665,0.019));
#4789=CARTESIAN_POINT('',(0.0073,-0.0119461290801665,0.019));
#4790=CARTESIAN_POINT('',(-4.33680868994202E-19,-0.0119461290801665,0.019));
#4791=CARTESIAN_POINT('',(-0.0073,-0.0119461290801665,0.019));
#4792=CARTESIAN_POINT('',(-0.0073,-0.0119461290801665,0.019));
#4793=CARTESIAN_POINT('',(-2.16840434497101E-17,1.10588621593521E-17,0.019));
#4794=CARTESIAN_POINT('',(-2.16840434497101E-17,1.10588621593521E-17,0.));
#4795=CARTESIAN_POINT('',(-3.46944695195361E-18,-2.81892564846231E-18,0.019));
#4796=CARTESIAN_POINT('',(0.,-8.57252759403147E-19,0.018));
#4797=CARTESIAN_POINT('',(-0.013555441711726,0.0035,0.018));
#4798=CARTESIAN_POINT('',(-0.013555441711726,0.0035,0.019));
#4799=CARTESIAN_POINT('',(-0.013555441711726,0.0035,0.019));
#4800=CARTESIAN_POINT('',(4.16333634234433E-17,2.16840434497101E-19,0.019));
#4801=CARTESIAN_POINT('',(0.013555441711726,0.0035,0.019));
#4802=CARTESIAN_POINT('',(0.013555441711726,0.0035,0.019));
#4803=CARTESIAN_POINT('',(0.013555441711726,0.0035,0.018));
#4804=CARTESIAN_POINT('',(0.,-8.57252759403147E-19,0.018));
#4805=CARTESIAN_POINT('',(0.013555441711726,-0.0035,0.018));
#4806=CARTESIAN_POINT('',(0.013555441711726,-0.0035,0.019));
#4807=CARTESIAN_POINT('',(0.013555441711726,-0.0035,0.019));
#4808=CARTESIAN_POINT('',(-2.16840434497101E-17,1.10588621593521E-17,0.019));
#4809=CARTESIAN_POINT('',(0.015527720855863,-0.0035,0.019));
#4810=CARTESIAN_POINT('',(0.015527720855863,-0.0035,0.018));
#4811=CARTESIAN_POINT('',(0.0175,-0.0035,0.018));
#4812=CARTESIAN_POINT('',(0.0175,-0.0035,0.019));
#4813=CARTESIAN_POINT('',(0.0175,-0.0035,0.019));
#4814=CARTESIAN_POINT('',(0.015527720855863,-0.0035,0.019));
#4815=CARTESIAN_POINT('',(0.0175,4.98261898190512E-19,0.019));
#4816=CARTESIAN_POINT('',(0.0175,4.98261898190512E-19,0.018));
#4817=CARTESIAN_POINT('',(0.0175,0.0035,0.018));
#4818=CARTESIAN_POINT('',(0.0175,0.0035,0.019));
#4819=CARTESIAN_POINT('',(0.0175,0.0035,0.019));
#4820=CARTESIAN_POINT('',(0.0175,4.98261898190512E-19,0.019));
#4821=CARTESIAN_POINT('',(0.015527720855863,0.0035,0.019));
#4822=CARTESIAN_POINT('',(0.015527720855863,0.0035,0.018));
#4823=CARTESIAN_POINT('',(0.015527720855863,0.0035,0.019));
#4824=CARTESIAN_POINT('',(-0.015527720855863,0.0035,0.019));
#4825=CARTESIAN_POINT('',(-0.015527720855863,0.0035,0.018));
#4826=CARTESIAN_POINT('',(-0.0175,0.0035,0.018));
#4827=CARTESIAN_POINT('',(-0.0175,0.0035,0.019));
#4828=CARTESIAN_POINT('',(-0.0175,0.0035,0.019));
#4829=CARTESIAN_POINT('',(-0.015527720855863,0.0035,0.019));
#4830=CARTESIAN_POINT('',(-0.0175,4.98261898190512E-19,0.019));
#4831=CARTESIAN_POINT('',(-0.0175,4.98261898190512E-19,0.018));
#4832=CARTESIAN_POINT('',(-0.0175,4.98261898190512E-19,0.019));
#4833=CARTESIAN_POINT('',(0.,0.,0.019));
#4834=CARTESIAN_POINT('',(-8.67361737988404E-19,0.008,0.019));
#4835=CARTESIAN_POINT('',(0.0045,0.008,0.019));
#4836=CARTESIAN_POINT('',(0.,0.,0.));
#4837=CARTESIAN_POINT('',(0.,0.,0.018));
#4838=CARTESIAN_POINT('',(0.,0.,0.018));
#4839=CARTESIAN_POINT('',(-8.67361737988404E-19,0.008,0.0205));
#4840=CARTESIAN_POINT('',(-8.67361737988404E-19,0.008,0.0205));
#4841=CARTESIAN_POINT('',(0.0045,0.008,0.0205));
#4842=CARTESIAN_POINT('',(0.,0.00102693545991676,0.0205));
#4843=CARTESIAN_POINT('',(0.00820066162262672,0.0416782089036474,-0.0269615160724719));
#4844=CARTESIAN_POINT('',(0.00604,-0.00936061142296478,-0.0216789));
#4845=CARTESIAN_POINT('',(0.00604,-0.0301512228459295,-0.0481203));
#4846=CARTESIAN_POINT('',(0.00604,-0.0301512228459295,-0.0497203));
#4847=CARTESIAN_POINT('',(0.00604,-0.0377712228459295,-0.0462153));
#4848=CARTESIAN_POINT('',(0.00604,-0.0377712228459295,-0.0509778));
#4849=CARTESIAN_POINT('',(0.00604,-0.0377712228459295,-0.0414528));
#4850=CARTESIAN_POINT('',(0.00604,-0.0326912228459296,-0.0509778));
#4851=CARTESIAN_POINT('',(0.00604,-0.0276112228459295,-0.0509778));
#4852=CARTESIAN_POINT('',(0.00604,-0.0276112228459295,-0.0462153));
#4853=CARTESIAN_POINT('',(0.00604,-0.0276112228459295,-0.0414528));
#4854=CARTESIAN_POINT('',(0.00604,-0.0326912228459296,-0.0414528));
#4855=CARTESIAN_POINT('',(0.00604,-0.0352312228459296,-0.0436753));
#4856=CARTESIAN_POINT('',(0.00604,-0.0352312228459296,-0.0452753));
#4857=CARTESIAN_POINT('',(0.0035,-0.00936061142296478,-0.0216789));
#4858=CARTESIAN_POINT('',(0.0035,-0.0377712228459295,-0.0462153));
#4859=CARTESIAN_POINT('',(0.0035,-0.0377712228459295,-0.0509778));
#4860=CARTESIAN_POINT('',(0.0035,-0.0377712228459295,-0.0414528));
#4861=CARTESIAN_POINT('',(0.0035,-0.0326912228459296,-0.0414528));
#4862=CARTESIAN_POINT('',(0.0035,-0.0276112228459295,-0.0414528));
#4863=CARTESIAN_POINT('',(0.0035,-0.0276112228459295,-0.0462153));
#4864=CARTESIAN_POINT('',(0.0035,-0.0276112228459295,-0.0509778));
#4865=CARTESIAN_POINT('',(0.0035,-0.0326912228459296,-0.0509778));
#4866=CARTESIAN_POINT('',(0.0035,-0.0301512228459295,-0.0481203));
#4867=CARTESIAN_POINT('',(0.0035,-0.0301512228459295,-0.0497203));
#4868=CARTESIAN_POINT('',(0.0035,-0.0352312228459296,-0.0436753));
#4869=CARTESIAN_POINT('',(0.0035,-0.0352312228459296,-0.0452753));
#4870=CARTESIAN_POINT('',(0.00604,-0.0377712228459295,-0.0462153));
#4871=CARTESIAN_POINT('',(0.00604,-0.0377712228459295,-0.0509778));
#4872=CARTESIAN_POINT('',(0.00604,-0.0377712228459295,-0.0414528));
#4873=CARTESIAN_POINT('',(0.00604,-0.0326912228459296,-0.0509778));
#4874=CARTESIAN_POINT('',(0.00604,-0.0276112228459295,-0.0509778));
#4875=CARTESIAN_POINT('',(0.00604,-0.0276112228459295,-0.0462153));
#4876=CARTESIAN_POINT('',(0.00604,-0.0276112228459295,-0.0414528));
#4877=CARTESIAN_POINT('',(0.00604,-0.0326912228459296,-0.0414528));
#4878=CARTESIAN_POINT('',(-0.0994063387677485,-0.0301512228459295,-0.0481203));
#4879=CARTESIAN_POINT('',(-0.0994063387677485,-0.0352312228459296,-0.0436753));
#4880=CARTESIAN_POINT('',(-0.00154607211668006,0.0487144317495768,0.00519848392752803));
#4881=CARTESIAN_POINT('',(2.16840434497101E-18,-0.0276112228459295,-0.0458978));
#4882=CARTESIAN_POINT('',(8.67361737988404E-19,-0.0276112228459295,-0.03302));
#4883=CARTESIAN_POINT('',(0.0035,-0.0276112228459295,-0.03302));
#4884=CARTESIAN_POINT('',(-0.0035,-0.0276112228459295,-0.03302));
#4885=CARTESIAN_POINT('',(0.0035,-0.0276112228459295,-0.0458978));
#4886=CARTESIAN_POINT('',(0.0035,-0.0276112228459295,-0.0458978));
#4887=CARTESIAN_POINT('',(2.16840434497101E-18,-0.0276112228459295,-0.0458978));
#4888=CARTESIAN_POINT('',(-0.0035,-0.0276112228459295,-0.0458978));
#4889=CARTESIAN_POINT('',(-0.0035,-0.0276112228459295,-0.0458978));
#4890=CARTESIAN_POINT('',(0.,-0.0377712228459295,0.00762));
#4891=CARTESIAN_POINT('',(0.0035,-0.0377712228459295,0.00762));
#4892=CARTESIAN_POINT('',(0.0035,-0.0377712228459295,-0.03302));
#4893=CARTESIAN_POINT('',(0.0035,-0.0377712228459295,-0.0458978));
#4894=CARTESIAN_POINT('',(0.,-0.0377712228459295,-0.03302));
#4895=CARTESIAN_POINT('',(-0.0035,-0.0377712228459295,-0.03302));
#4896=CARTESIAN_POINT('',(-0.0035,-0.0377712228459295,0.00762));
#4897=CARTESIAN_POINT('',(-0.0035,-0.0377712228459295,-0.0458978));
#4898=CARTESIAN_POINT('',(0.,-0.0377712228459295,-0.0458978));
#4899=CARTESIAN_POINT('',(0.,-0.00618561142296478,0.00508));
#4900=CARTESIAN_POINT('',(4.87890977618477E-18,-0.02159,0.00508));
#4901=CARTESIAN_POINT('',(-0.00157585182463832,-0.0211009284032127,0.00508));
#4902=CARTESIAN_POINT('',(0.00157585182463832,-0.0211009284032127,0.00508));
#4903=CARTESIAN_POINT('',(0.00161292591231916,0.000244535798393639,0.00508));
#4904=CARTESIAN_POINT('',(0.00165,0.02159,0.00508));
#4905=CARTESIAN_POINT('',(0.,0.02159,0.00508));
#4906=CARTESIAN_POINT('',(-0.00165,0.02159,0.00508));
#4907=CARTESIAN_POINT('',(-0.00161292591231916,0.000244535798393639,0.00508));
#4908=CARTESIAN_POINT('',(2.16840434497101E-18,-0.0276112228459295,0.00508));
#4909=CARTESIAN_POINT('',(-0.0035,-0.0276112228459295,0.00508));
#4910=CARTESIAN_POINT('',(0.0035,-0.0276112228459295,0.00508));
#4911=CARTESIAN_POINT('',(-0.0035,0.,0.00508));
#4912=CARTESIAN_POINT('',(-0.0035,0.02159,0.00508));
#4913=CARTESIAN_POINT('',(0.,0.02159,0.00508));
#4914=CARTESIAN_POINT('',(0.0035,0.02159,0.00508));
#4915=CARTESIAN_POINT('',(0.0035,0.,0.00508));
#4916=CARTESIAN_POINT('',(-0.0035,0.,0.00762));
#4917=CARTESIAN_POINT('',(-0.0035,-0.0352312228459296,-0.0436753));
#4918=CARTESIAN_POINT('',(-0.0035,-0.0368312228459296,-0.0436753));
#4919=CARTESIAN_POINT('',(-0.0035,-0.0276112228459295,-0.0458978));
#4920=CARTESIAN_POINT('',(-0.0035,-0.0276112228459295,-0.03048));
#4921=CARTESIAN_POINT('',(-0.0035,-0.0250712228459295,-0.03048));
#4922=CARTESIAN_POINT('',(-0.0035,-0.0250712228459295,-0.03048));
#4923=CARTESIAN_POINT('',(-0.0035,-0.0250712228459295,-0.0458978));
#4924=CARTESIAN_POINT('',(-0.0035,-0.0250712228459295,-0.03302));
#4925=CARTESIAN_POINT('',(-0.0035,-0.0250712228459295,-0.03302));
#4926=CARTESIAN_POINT('',(-0.0035,0.,-0.0458978));
#4927=CARTESIAN_POINT('',(-0.0035,-0.0403112228459295,-0.03302));
#4928=CARTESIAN_POINT('',(-0.0035,-0.0403112228459295,-0.03302));
#4929=CARTESIAN_POINT('',(-0.0035,-0.0403112228459295,0.00762));
#4930=CARTESIAN_POINT('',(-0.0035,-0.0403112228459295,-0.03048));
#4931=CARTESIAN_POINT('',(-0.0035,-0.0403112228459295,-0.03048));
#4932=CARTESIAN_POINT('',(-0.0035,-0.0377712228459295,-0.03048));
#4933=CARTESIAN_POINT('',(-0.0035,-0.0377712228459295,0.00762));
#4934=CARTESIAN_POINT('',(-0.0035,-0.0377712228459295,0.00762));
#4935=CARTESIAN_POINT('',(-0.0035,0.,0.00762));
#4936=CARTESIAN_POINT('',(-0.0035,0.02159,0.00762));
#4937=CARTESIAN_POINT('',(-0.0035,0.02159,0.00762));
#4938=CARTESIAN_POINT('',(0.,-0.0377712228459295,0.00762));
#4939=CARTESIAN_POINT('',(0.,-0.0377712228459295,-0.03048));
#4940=CARTESIAN_POINT('',(0.0035,-0.0377712228459295,-0.03048));
#4941=CARTESIAN_POINT('',(0.0035,-0.0377712228459295,0.00762));
#4942=CARTESIAN_POINT('',(0.0035,-0.0377712228459295,0.00762));
#4943=CARTESIAN_POINT('',(0.,-0.0377712228459295,0.00762));
#4944=CARTESIAN_POINT('',(0.0035,0.,0.00762));
#4945=CARTESIAN_POINT('',(0.0035,-0.0352312228459296,-0.0436753));
#4946=CARTESIAN_POINT('',(0.0035,-0.0352312228459296,-0.0420753));
#4947=CARTESIAN_POINT('',(0.0035,-0.0403112228459295,-0.03048));
#4948=CARTESIAN_POINT('',(0.0035,-0.0403112228459295,-0.03048));
#4949=CARTESIAN_POINT('',(0.0035,-0.0403112228459295,0.00762));
#4950=CARTESIAN_POINT('',(0.0035,-0.0403112228459295,-0.03302));
#4951=CARTESIAN_POINT('',(0.0035,-0.0403112228459295,-0.03302));
#4952=CARTESIAN_POINT('',(0.0035,0.,-0.0458978));
#4953=CARTESIAN_POINT('',(0.0035,-0.0250712228459295,-0.03302));
#4954=CARTESIAN_POINT('',(0.0035,-0.0250712228459295,-0.03302));
#4955=CARTESIAN_POINT('',(0.0035,-0.0250712228459295,-0.0458978));
#4956=CARTESIAN_POINT('',(0.0035,-0.0250712228459295,-0.03048));
#4957=CARTESIAN_POINT('',(0.0035,-0.0250712228459295,-0.03048));
#4958=CARTESIAN_POINT('',(0.0035,-0.0276112228459295,-0.03048));
#4959=CARTESIAN_POINT('',(0.0035,-0.0276112228459295,-0.0458978));
#4960=CARTESIAN_POINT('',(0.0035,0.02159,0.00762));
#4961=CARTESIAN_POINT('',(0.0035,0.02159,0.00762));
#4962=CARTESIAN_POINT('',(0.0035,0.,0.00762));
#4963=CARTESIAN_POINT('',(4.87890977618477E-18,-0.02159,0.00762));
#4964=CARTESIAN_POINT('',(-0.00157585182463832,-0.0211009284032127,0.00762));
#4965=CARTESIAN_POINT('',(-0.00157585182463832,-0.0211009284032127,0.00762));
#4966=CARTESIAN_POINT('',(4.87890977618477E-18,-0.02159,0.00762));
#4967=CARTESIAN_POINT('',(0.00157585182463832,-0.0211009284032127,0.00762));
#4968=CARTESIAN_POINT('',(0.00157585182463832,-0.0211009284032127,0.00762));
#4969=CARTESIAN_POINT('',(-0.00161292591231916,0.000244535798393639,0.00762));
#4970=CARTESIAN_POINT('',(-0.00165,0.02159,0.00762));
#4971=CARTESIAN_POINT('',(-0.00165,0.02159,0.00762));
#4972=CARTESIAN_POINT('',(-0.00161292591231916,0.000244535798393639,0.00762));
#4973=CARTESIAN_POINT('',(0.,0.02159,0.00762));
#4974=CARTESIAN_POINT('',(0.00165,0.02159,0.00762));
#4975=CARTESIAN_POINT('',(0.00165,0.02159,0.00762));
#4976=CARTESIAN_POINT('',(0.,0.02159,0.00762));
#4977=CARTESIAN_POINT('',(0.00161292591231916,0.000244535798393639,0.00762));
#4978=CARTESIAN_POINT('',(0.00161292591231916,0.000244535798393639,0.00762));
#4979=CARTESIAN_POINT('',(0.,0.02159,0.00762));
#4980=CARTESIAN_POINT('',(0.,0.02159,0.00762));
#4981=CARTESIAN_POINT('',(0.,-0.00618561142296478,0.00762));
#4982=CARTESIAN_POINT('',(2.16840434497101E-18,-0.0276112228459295,-0.0458978));
#4983=CARTESIAN_POINT('',(8.67361737988404E-19,-0.0276112228459295,-0.03048));
#4984=CARTESIAN_POINT('',(8.67361737988404E-19,-0.00634061142296478,-0.0458978));
#4985=CARTESIAN_POINT('',(0.,-0.0403112228459295,-0.03048));
#4986=CARTESIAN_POINT('',(0.,-0.0403112228459295,-0.03048));
#4987=CARTESIAN_POINT('',(0.,-0.0403112228459295,-0.03302));
#4988=CARTESIAN_POINT('',(0.,-0.0403112228459295,-0.03302));
#4989=CARTESIAN_POINT('',(0.,-0.0403112228459295,-0.0191389));
#4990=CARTESIAN_POINT('',(8.67361737988404E-19,-0.0250712228459295,-0.03048));
#4991=CARTESIAN_POINT('',(8.67361737988404E-19,-0.0250712228459295,-0.03048));
#4992=CARTESIAN_POINT('',(8.67361737988404E-19,-0.0250712228459295,-0.03302));
#4993=CARTESIAN_POINT('',(8.67361737988404E-19,-0.0250712228459295,-0.03302));
#4994=CARTESIAN_POINT('',(0.,-0.0250712228459295,-0.0204089));
#4995=CARTESIAN_POINT('',(-0.0994063387677485,-0.0352312228459296,-0.0436753));
#4996=CARTESIAN_POINT('',(0.00799392788331994,0.0487144317495769,0.00519848392752803));
#4997=CARTESIAN_POINT('',(-0.00604,-0.00936061142296478,-0.0216789));
#4998=CARTESIAN_POINT('',(-0.00604,-0.0301512228459295,-0.0481203));
#4999=CARTESIAN_POINT('',(-0.00604,-0.0317512228459295,-0.0481203));
#5000=CARTESIAN_POINT('',(-0.00604,-0.0276112228459295,-0.0462153));
#5001=CARTESIAN_POINT('',(-0.00604,-0.0276112228459295,-0.0509778));
#5002=CARTESIAN_POINT('',(-0.00604,-0.0276112228459295,-0.0414528));
#5003=CARTESIAN_POINT('',(-0.00604,-0.0326912228459296,-0.0509778));
#5004=CARTESIAN_POINT('',(-0.00604,-0.0377712228459295,-0.0509778));
#5005=CARTESIAN_POINT('',(-0.00604,-0.0377712228459295,-0.0462153));
#5006=CARTESIAN_POINT('',(-0.00604,-0.0377712228459295,-0.0414528));
#5007=CARTESIAN_POINT('',(-0.00604,-0.0326912228459296,-0.0414528));
#5008=CARTESIAN_POINT('',(-0.00604,-0.0352312228459296,-0.0436753));
#5009=CARTESIAN_POINT('',(-0.00604,-0.0368312228459296,-0.0436753));
#5010=CARTESIAN_POINT('',(-0.0035,-0.00936061142296478,-0.0216789));
#5011=CARTESIAN_POINT('',(-0.0035,-0.0276112228459295,-0.0462153));
#5012=CARTESIAN_POINT('',(-0.0035,-0.0276112228459295,-0.0509778));
#5013=CARTESIAN_POINT('',(-0.0035,-0.0276112228459295,-0.0414528));
#5014=CARTESIAN_POINT('',(-0.0035,-0.0326912228459296,-0.0414528));
#5015=CARTESIAN_POINT('',(-0.0035,-0.0377712228459295,-0.0414528));
#5016=CARTESIAN_POINT('',(-0.0035,-0.0377712228459295,-0.0462153));
#5017=CARTESIAN_POINT('',(-0.0035,-0.0377712228459295,-0.0509778));
#5018=CARTESIAN_POINT('',(-0.0035,-0.0326912228459296,-0.0509778));
#5019=CARTESIAN_POINT('',(-0.0035,-0.0301512228459295,-0.0481203));
#5020=CARTESIAN_POINT('',(-0.0035,-0.0317512228459295,-0.0481203));
#5021=CARTESIAN_POINT('',(-0.0035,-0.0352312228459296,-0.0436753));
#5022=CARTESIAN_POINT('',(-0.0035,-0.0368312228459296,-0.0436753));
#5023=CARTESIAN_POINT('',(-0.00604,-0.0276112228459295,-0.0462153));
#5024=CARTESIAN_POINT('',(-0.00604,-0.0276112228459295,-0.0509778));
#5025=CARTESIAN_POINT('',(-0.00604,-0.0276112228459295,-0.0414528));
#5026=CARTESIAN_POINT('',(-0.00604,-0.0326912228459296,-0.0509778));
#5027=CARTESIAN_POINT('',(-0.00604,-0.0377712228459295,-0.0509778));
#5028=CARTESIAN_POINT('',(-0.00604,-0.0377712228459295,-0.0462153));
#5029=CARTESIAN_POINT('',(-0.00604,-0.0377712228459295,-0.0414528));
#5030=CARTESIAN_POINT('',(-0.00604,-0.0326912228459296,-0.0414528));
#5031=CARTESIAN_POINT('',(-0.0994063387677485,-0.0301512228459295,-0.0481203));
#5032=CARTESIAN_POINT('',(-0.0994063387677485,-0.0352312228459296,-0.0436753));
#5033=CARTESIAN_POINT('',(0.0175339278833199,0.0487144317495769,0.00519848392752803));
#5034=CARTESIAN_POINT('',(1.7347234759768E-18,0.034545,0.02159));
#5035=CARTESIAN_POINT('',(1.7347234759768E-18,0.034545,0.00254));
#5036=CARTESIAN_POINT('',(-0.007493,0.034545,0.00254));
#5037=CARTESIAN_POINT('',(-0.0228978056275954,0.034545,0.00254));
#5038=CARTESIAN_POINT('',(-0.007493,0.034545,-0.236076117731133));
#5039=CARTESIAN_POINT('',(-0.007493,0.034545,0.02159));
#5040=CARTESIAN_POINT('',(1.7347234759768E-18,0.034545,0.02159));
#5041=CARTESIAN_POINT('',(-0.0152778056275953,0.034545,0.02159));
#5042=CARTESIAN_POINT('',(-0.0152778056275953,0.034545,0.002538));
#5043=CARTESIAN_POINT('',(-0.0152778056275953,0.034545,0.01016));
#5044=CARTESIAN_POINT('',(-0.0228978056275954,0.034545,0.01016));
#5045=CARTESIAN_POINT('',(-0.0228978056275954,0.034545,0.01016));
#5046=CARTESIAN_POINT('',(-0.0228978056275954,0.034545,0.002538));
#5047=CARTESIAN_POINT('',(0.,0.051055,0.02159));
#5048=CARTESIAN_POINT('',(0.,0.051055,0.00254));
#5049=CARTESIAN_POINT('',(0.007493,0.038641098477916,0.00254));
#5050=CARTESIAN_POINT('',(-0.007493,0.038641098477916,0.00254));
#5051=CARTESIAN_POINT('',(0.007493,0.038641098477916,-0.236076117731133));
#5052=CARTESIAN_POINT('',(0.007493,0.038641098477916,0.02159));
#5053=CARTESIAN_POINT('',(0.,0.051055,0.02159));
#5054=CARTESIAN_POINT('',(-0.007493,0.038641098477916,0.02159));
#5055=CARTESIAN_POINT('',(-0.007493,0.038641098477916,-0.236076117731133));
#5056=CARTESIAN_POINT('',(0.0152778056275953,0.0610599999220256,0.002538));
#5057=CARTESIAN_POINT('',(0.0152778056275953,0.034545,0.002538));
#5058=CARTESIAN_POINT('',(0.0152778056275953,0.034545,0.01016));
#5059=CARTESIAN_POINT('',(0.0152778056275953,0.034545,0.02159));
#5060=CARTESIAN_POINT('',(0.0152778056275953,0.038355,0.01016));
#5061=CARTESIAN_POINT('',(0.0152778056275953,0.042165,0.01016));
#5062=CARTESIAN_POINT('',(0.0152778056275953,0.042165,0.00635));
#5063=CARTESIAN_POINT('',(0.0152778056275953,0.042165,0.00254));
#5064=CARTESIAN_POINT('',(0.0152778056275953,0.0410500000779744,0.00254));
#5065=CARTESIAN_POINT('',(0.0152778056275953,0.0475550001559488,0.00254));
#5066=CARTESIAN_POINT('',(0.0152778061188401,0.0545550001559488,0.00254));
#5067=CARTESIAN_POINT('',(0.0152778061188401,0.0545550001559488,0.00254));
#5068=CARTESIAN_POINT('',(0.0152778056275953,0.0610599999220256,0.00254));
#5069=CARTESIAN_POINT('',(0.0152778056275953,0.059945,0.00254));
#5070=CARTESIAN_POINT('',(0.0152778056275953,0.059945,0.00635));
#5071=CARTESIAN_POINT('',(0.0152778056275953,0.059945,0.01016));
#5072=CARTESIAN_POINT('',(0.0152778056275953,0.063755,0.01016));
#5073=CARTESIAN_POINT('',(0.0152778056275953,0.067565,0.01016));
#5074=CARTESIAN_POINT('',(0.0152778056275953,0.067565,0.002538));
#5075=CARTESIAN_POINT('',(0.0152778056275953,0.067565,0.02159));
#5076=CARTESIAN_POINT('',(0.0152778056275953,0.0610599999220256,0.02159));
#5077=CARTESIAN_POINT('',(0.0152778056275953,0.0545549998440513,0.02159));
#5078=CARTESIAN_POINT('',(0.0152778056275953,0.0545549998440513,0.002538));
#5079=CARTESIAN_POINT('',(0.0152778061188401,0.0545550001559488,0.01905));
#5080=CARTESIAN_POINT('',(0.0152778061188401,0.0545550001559488,0.01905));
#5081=CARTESIAN_POINT('',(0.0152778056275953,0.0475550001559488,0.01905));
#5082=CARTESIAN_POINT('',(0.0152778056275953,0.0475550001559488,0.002538));
#5083=CARTESIAN_POINT('',(0.0152778056275953,0.0475550001559488,0.02159));
#5084=CARTESIAN_POINT('',(0.0152778056275953,0.0410500000779744,0.02159));
#5085=CARTESIAN_POINT('',(-0.0152778056275953,0.0410500000779744,0.002538));
#5086=CARTESIAN_POINT('',(-0.0152778056275953,0.0410500000779744,0.00254));
#5087=CARTESIAN_POINT('',(-0.0152778056275953,0.042165,0.00254));
#5088=CARTESIAN_POINT('',(-0.0152777989529824,0.0475550023002746,0.00254));
#5089=CARTESIAN_POINT('',(-0.0152778056275953,0.042165,0.00635));
#5090=CARTESIAN_POINT('',(-0.0152778056275953,0.042165,0.01016));
#5091=CARTESIAN_POINT('',(-0.0152778056275953,0.038355,0.01016));
#5092=CARTESIAN_POINT('',(-0.0152778056275953,0.0410500000779744,0.02159));
#5093=CARTESIAN_POINT('',(-0.0152778056275953,0.0475550001559488,0.02159));
#5094=CARTESIAN_POINT('',(-0.0152778056275953,0.0475550001559488,0.002538));
#5095=CARTESIAN_POINT('',(-0.0152777989529824,0.0475550023002746,0.01905));
#5096=CARTESIAN_POINT('',(-0.0152778056275953,0.0475550001559488,0.002538));
#5097=CARTESIAN_POINT('',(0.0163889026909865,0.0475550000779744,0.002538));
#5098=CARTESIAN_POINT('',(0.0184528056275953,0.0475549999331342,0.01905));
#5099=CARTESIAN_POINT('',(0.0174999997543776,0.047555,0.01905));
#5100=CARTESIAN_POINT('',(0.0174999997543776,0.047555,0.002538));
#5101=CARTESIAN_POINT('',(0.0174999997543776,0.047555,0.02159));
#5102=CARTESIAN_POINT('',(0.0163889026909865,0.0475550000779744,0.02159));
#5103=CARTESIAN_POINT('',(-0.0163889026909865,0.0545549999220256,0.002538));
#5104=CARTESIAN_POINT('',(-0.0152778056275953,0.0545549998440513,0.002538));
#5105=CARTESIAN_POINT('',(-0.0152778056275953,0.0545549998440513,0.01905));
#5106=CARTESIAN_POINT('',(-0.0152778056275953,0.0545549998440513,0.02159));
#5107=CARTESIAN_POINT('',(-0.0184527984617376,0.0545550025230892,0.01905));
#5108=CARTESIAN_POINT('',(-0.0174999997543775,0.0545550024562238,0.01905));
#5109=CARTESIAN_POINT('',(-0.0174999997543776,0.054555,0.002538));
#5110=CARTESIAN_POINT('',(-0.0174999997543776,0.054555,0.02159));
#5111=CARTESIAN_POINT('',(-0.0163889026909865,0.0545549999220256,0.02159));
#5112=CARTESIAN_POINT('',(0.0163889026909865,0.0545549999220256,0.002538));
#5113=CARTESIAN_POINT('',(0.0184528061188401,0.0545549999331342,0.01905));
#5114=CARTESIAN_POINT('',(0.0174999997543776,0.054555,0.01905));
#5115=CARTESIAN_POINT('',(0.0163889026909865,0.0545549999220256,0.02159));
#5116=CARTESIAN_POINT('',(0.0174999997543776,0.054555,0.02159));
#5117=CARTESIAN_POINT('',(0.0174999997543776,0.054555,0.002538));
#5118=CARTESIAN_POINT('',(-0.0163889026909865,0.0475550000779744,0.002538));
#5119=CARTESIAN_POINT('',(-0.0184527989529824,0.0475550025230892,0.01905));
#5120=CARTESIAN_POINT('',(-0.0175000002456222,0.0475550024562238,0.01905));
#5121=CARTESIAN_POINT('',(-0.0163889026909865,0.0475550000779744,0.02159));
#5122=CARTESIAN_POINT('',(-0.0174999997543776,0.047555,0.02159));
#5123=CARTESIAN_POINT('',(-0.0174999997543776,0.047555,0.002538));
#5124=CARTESIAN_POINT('',(-4.16333634234433E-17,-0.00184886887587015,0.00254));
#5125=CARTESIAN_POINT('',(0.0190878056275954,0.038355,0.00254));
#5126=CARTESIAN_POINT('',(0.0207378056275953,0.038355,0.00254));
#5127=CARTESIAN_POINT('',(0.0190878056275954,0.063755,0.00254));
#5128=CARTESIAN_POINT('',(0.0207378056275953,0.063755,0.00254));
#5129=CARTESIAN_POINT('',(-0.0190878056275954,0.063755,0.00254));
#5130=CARTESIAN_POINT('',(-0.0174378056275954,0.063755,0.00254));
#5131=CARTESIAN_POINT('',(-0.0190878056275954,0.038355,0.00254));
#5132=CARTESIAN_POINT('',(-0.0174378056275954,0.038355,0.00254));
#5133=CARTESIAN_POINT('',(-0.007493,-0.00184886887587015,0.00254));
#5134=CARTESIAN_POINT('',(-0.0228978056275954,0.0410500000779744,0.00254));
#5135=CARTESIAN_POINT('',(-0.0228978056275954,0.042165,0.00254));
#5136=CARTESIAN_POINT('',(-0.0228978056275954,0.042165,0.00254));
#5137=CARTESIAN_POINT('',(-0.0152777984617376,0.0545550023002746,0.00254));
#5138=CARTESIAN_POINT('',(-0.0152777984617376,0.0545550023002746,0.00254));
#5139=CARTESIAN_POINT('',(-0.0152778056275953,0.0610599999220256,0.00254));
#5140=CARTESIAN_POINT('',(-0.0152778056275953,0.059945,0.00254));
#5141=CARTESIAN_POINT('',(-0.0228978056275954,0.059945,0.00254));
#5142=CARTESIAN_POINT('',(-0.0228978056275954,0.059945,0.00254));
#5143=CARTESIAN_POINT('',(-0.0228978056275954,0.063755,0.00254));
#5144=CARTESIAN_POINT('',(-0.0228978056275954,0.067565,0.00254));
#5145=CARTESIAN_POINT('',(0.,0.067565,0.00254));
#5146=CARTESIAN_POINT('',(0.0228978056275954,0.067565,0.00254));
#5147=CARTESIAN_POINT('',(0.0228978056275954,0.0610599999220256,0.00254));
#5148=CARTESIAN_POINT('',(0.0228978056275954,0.059945,0.00254));
#5149=CARTESIAN_POINT('',(0.0228978056275954,0.059945,0.00254));
#5150=CARTESIAN_POINT('',(0.0228978056275954,0.042165,0.00254));
#5151=CARTESIAN_POINT('',(0.0228978056275954,0.042165,0.00254));
#5152=CARTESIAN_POINT('',(0.0228978056275954,0.0410500000779744,0.00254));
#5153=CARTESIAN_POINT('',(0.0228978056275954,0.034545,0.00254));
#5154=CARTESIAN_POINT('',(1.7347234759768E-18,0.034545,0.00254));
#5155=CARTESIAN_POINT('',(0.007493,0.034545,0.00254));
#5156=CARTESIAN_POINT('',(0.007493,-0.00184886887587015,0.00254));
#5157=CARTESIAN_POINT('',(0.0175,0.051055,0.002538));
#5158=CARTESIAN_POINT('',(0.0175,0.051055,0.01905));
#5159=CARTESIAN_POINT('',(0.0175,0.051055,0.02159));
#5160=CARTESIAN_POINT('',(0.0175,0.051055,0.002538));
#5161=CARTESIAN_POINT('',(0.0175,0.051055,0.02159));
#5162=CARTESIAN_POINT('',(0.0195,0.051055,0.02159));
#5163=CARTESIAN_POINT('',(0.0175,0.051055,0.01905));
#5164=CARTESIAN_POINT('',(0.0155,0.051055,0.01905));
#5165=CARTESIAN_POINT('',(1.7347234759768E-18,0.034545,0.02159));
#5166=CARTESIAN_POINT('',(0.007493,0.034545,-0.236076117731133));
#5167=CARTESIAN_POINT('',(0.007493,0.034545,0.02159));
#5168=CARTESIAN_POINT('',(0.0228978056275954,0.034545,0.002538));
#5169=CARTESIAN_POINT('',(0.0228978056275954,0.034545,0.01016));
#5170=CARTESIAN_POINT('',(0.0228978056275954,0.034545,0.01016));
#5171=CARTESIAN_POINT('',(1.7347234759768E-18,0.034545,0.02159));
#5172=CARTESIAN_POINT('',(0.,0.067565,0.02159));
#5173=CARTESIAN_POINT('',(-0.0228978056275954,0.067565,0.00635));
#5174=CARTESIAN_POINT('',(-0.0228978056275954,0.067565,0.01016));
#5175=CARTESIAN_POINT('',(-0.0228978056275954,0.067565,0.01016));
#5176=CARTESIAN_POINT('',(-0.0152778056275953,0.067565,0.01016));
#5177=CARTESIAN_POINT('',(-0.0152778056275953,0.067565,0.002538));
#5178=CARTESIAN_POINT('',(-0.0152778056275953,0.067565,0.02159));
#5179=CARTESIAN_POINT('',(0.,0.067565,0.02159));
#5180=CARTESIAN_POINT('',(0.0228978056275954,0.067565,0.01016));
#5181=CARTESIAN_POINT('',(0.0228978056275954,0.067565,0.01016));
#5182=CARTESIAN_POINT('',(0.0228978056275954,0.067565,0.002538));
#5183=CARTESIAN_POINT('',(-4.16333634234433E-17,-0.00184886887587015,0.02159));
#5184=CARTESIAN_POINT('',(-0.007493,0.0368869857306108,0.02159));
#5185=CARTESIAN_POINT('',(0.007493,0.0368869857306108,0.02159));
#5186=CARTESIAN_POINT('',(-0.0152778056275953,0.0610599999220256,0.02159));
#5187=CARTESIAN_POINT('',(-0.0175,0.051055,0.02159));
#5188=CARTESIAN_POINT('',(-0.0175,0.051055,0.02159));
#5189=CARTESIAN_POINT('',(-0.0155,0.051055,0.02159));
#5190=CARTESIAN_POINT('',(-0.0175,0.051055,0.002538));
#5191=CARTESIAN_POINT('',(-0.0175,0.051055,0.01905));
#5192=CARTESIAN_POINT('',(-0.0155,0.051055,0.01905));
#5193=CARTESIAN_POINT('',(-0.0175,0.051055,0.002538));
#5194=CARTESIAN_POINT('',(-0.0175,0.051055,0.01905));
#5195=CARTESIAN_POINT('',(-0.0152778056275953,0.0610599999220256,0.002538));
#5196=CARTESIAN_POINT('',(-0.0152778056275953,0.063755,0.01016));
#5197=CARTESIAN_POINT('',(-0.0152778056275953,0.059945,0.01016));
#5198=CARTESIAN_POINT('',(-0.0152778056275953,0.059945,0.00635));
#5199=CARTESIAN_POINT('',(-0.0152778056275953,0.0545549998440513,0.002538));
#5200=CARTESIAN_POINT('',(-0.0184527984617376,0.0545550025230892,0.01905));
#5201=CARTESIAN_POINT('',(-0.0152777984617376,0.0545550023002746,0.01905));
#5202=CARTESIAN_POINT('',(-0.0152777984617376,0.0545550023002746,0.010795));
#5203=CARTESIAN_POINT('',(0.0184528061188401,0.0545549999331342,0.01905));
#5204=CARTESIAN_POINT('',(-0.0228978056275954,0.059945,0.00635));
#5205=CARTESIAN_POINT('',(-0.0228978056275954,0.059945,0.01016));
#5206=CARTESIAN_POINT('',(-0.0228978056275954,0.059945,0.01016));
#5207=CARTESIAN_POINT('',(-0.0228978056275954,0.059945,0.00635));
#5208=CARTESIAN_POINT('',(-0.0228978056275954,0.063755,0.01016));
#5209=CARTESIAN_POINT('',(-0.0190878056275954,0.063755,0.01016));
#5210=CARTESIAN_POINT('',(-0.0174378056275954,0.063755,0.01016));
#5211=CARTESIAN_POINT('',(-0.0228978056275954,0.063755,0.01016));
#5212=CARTESIAN_POINT('',(-0.0228978056275954,0.051055,0.012065));
#5213=CARTESIAN_POINT('',(-0.0228978056275954,0.038355,0.01016));
#5214=CARTESIAN_POINT('',(-0.0190878056275954,0.038355,0.01016));
#5215=CARTESIAN_POINT('',(-0.0174378056275954,0.038355,0.01016));
#5216=CARTESIAN_POINT('',(-0.0228978056275954,0.042165,0.01016));
#5217=CARTESIAN_POINT('',(-0.0228978056275954,0.042165,0.01016));
#5218=CARTESIAN_POINT('',(-0.0228978056275954,0.038355,0.01016));
#5219=CARTESIAN_POINT('',(-0.0228978056275954,0.042165,0.00635));
#5220=CARTESIAN_POINT('',(-0.0228978056275954,0.042165,0.00635));
#5221=CARTESIAN_POINT('',(-0.0228978056275954,0.051055,0.012065));
#5222=CARTESIAN_POINT('',(-0.0190878056275954,0.038355,-0.247506117731133));
#5223=CARTESIAN_POINT('',(-0.0190878056275954,0.063755,-0.247506117731133));
#5224=CARTESIAN_POINT('',(0.0228978056275954,0.063755,0.01016));
#5225=CARTESIAN_POINT('',(0.0190878056275954,0.063755,0.01016));
#5226=CARTESIAN_POINT('',(0.0207378056275953,0.063755,0.01016));
#5227=CARTESIAN_POINT('',(0.0228978056275954,0.059945,0.01016));
#5228=CARTESIAN_POINT('',(0.0228978056275954,0.059945,0.01016));
#5229=CARTESIAN_POINT('',(0.0228978056275954,0.063755,0.01016));
#5230=CARTESIAN_POINT('',(0.0228978056275954,0.059945,0.00635));
#5231=CARTESIAN_POINT('',(0.0228978056275954,0.059945,0.00635));
#5232=CARTESIAN_POINT('',(0.0228978056275954,0.051055,0.012065));
#5233=CARTESIAN_POINT('',(0.0228978056275954,0.038355,0.01016));
#5234=CARTESIAN_POINT('',(0.0190878056275954,0.038355,0.01016));
#5235=CARTESIAN_POINT('',(0.0207378056275953,0.038355,0.01016));
#5236=CARTESIAN_POINT('',(0.0228978056275954,0.038355,0.01016));
#5237=CARTESIAN_POINT('',(0.0228978056275954,0.042165,0.01016));
#5238=CARTESIAN_POINT('',(0.0228978056275954,0.042165,0.01016));
#5239=CARTESIAN_POINT('',(0.0228978056275954,0.042165,0.00635));
#5240=CARTESIAN_POINT('',(0.0228978056275954,0.042165,0.00635));
#5241=CARTESIAN_POINT('',(0.0228978056275954,0.051055,0.012065));
#5242=CARTESIAN_POINT('',(0.0190878056275954,0.038355,-0.247506117731133));
#5243=CARTESIAN_POINT('',(0.0190878056275954,0.063755,-0.247506117731133));
#5244=CARTESIAN_POINT('',(0.007493,0.0368869857306108,-0.236076117731133));
#5245=CARTESIAN_POINT('',(-0.007493,0.0368869857306108,-0.236076117731133));
#5246=CARTESIAN_POINT('',(0.00820066162262672,-0.00937679109635268,-0.0305515160724719));
#5247=MECHANICAL_DESIGN_GEOMETRIC_PRESENTATION_REPRESENTATION('',(#3132,
#3133,#3134,#3135,#3136,#3137,#3138,#3139,#3140,#3141),#5248);
#5248=(
GEOMETRIC_REPRESENTATION_CONTEXT(3)
GLOBAL_UNCERTAINTY_ASSIGNED_CONTEXT((#5259))
GLOBAL_UNIT_ASSIGNED_CONTEXT((#5272,#5271,#5270))
REPRESENTATION_CONTEXT('Assembly 1','TOP_LEVEL_ASSEMBLY_PART')
);
#5249=(
GEOMETRIC_REPRESENTATION_CONTEXT(3)
GLOBAL_UNCERTAINTY_ASSIGNED_CONTEXT((#5260))
GLOBAL_UNIT_ASSIGNED_CONTEXT((#5272,#5271,#5270))
REPRESENTATION_CONTEXT('Motor Shaft','COMPONENT_PART')
);
#5250=(
GEOMETRIC_REPRESENTATION_CONTEXT(3)
GLOBAL_UNCERTAINTY_ASSIGNED_CONTEXT((#5261))
GLOBAL_UNIT_ASSIGNED_CONTEXT((#5272,#5271,#5270))
REPRESENTATION_CONTEXT('Part 1','COMPONENT_PART')
);
#5251=(
GEOMETRIC_REPRESENTATION_CONTEXT(3)
GLOBAL_UNCERTAINTY_ASSIGNED_CONTEXT((#5262))
GLOBAL_UNIT_ASSIGNED_CONTEXT((#5272,#5271,#5270))
REPRESENTATION_CONTEXT('Part 4','COMPONENT_PART')
);
#5252=(
GEOMETRIC_REPRESENTATION_CONTEXT(3)
GLOBAL_UNCERTAINTY_ASSIGNED_CONTEXT((#5263))
GLOBAL_UNIT_ASSIGNED_CONTEXT((#5272,#5271,#5270))
REPRESENTATION_CONTEXT('Chassis','COMPONENT_PART')
);
#5253=(
GEOMETRIC_REPRESENTATION_CONTEXT(3)
GLOBAL_UNCERTAINTY_ASSIGNED_CONTEXT((#5264))
GLOBAL_UNIT_ASSIGNED_CONTEXT((#5272,#5271,#5270))
REPRESENTATION_CONTEXT('Part 2','COMPONENT_PART')
);
#5254=(
GEOMETRIC_REPRESENTATION_CONTEXT(3)
GLOBAL_UNCERTAINTY_ASSIGNED_CONTEXT((#5265))
GLOBAL_UNIT_ASSIGNED_CONTEXT((#5272,#5271,#5270))
REPRESENTATION_CONTEXT('Motor Body','COMPONENT_PART')
);
#5255=(
GEOMETRIC_REPRESENTATION_CONTEXT(3)
GLOBAL_UNCERTAINTY_ASSIGNED_CONTEXT((#5266))
GLOBAL_UNIT_ASSIGNED_CONTEXT((#5272,#5271,#5270))
REPRESENTATION_CONTEXT('Part 6','COMPONENT_PART')
);
#5256=(
GEOMETRIC_REPRESENTATION_CONTEXT(3)
GLOBAL_UNCERTAINTY_ASSIGNED_CONTEXT((#5267))
GLOBAL_UNIT_ASSIGNED_CONTEXT((#5272,#5271,#5270))
REPRESENTATION_CONTEXT('Part 3','COMPONENT_PART')
);
#5257=(
GEOMETRIC_REPRESENTATION_CONTEXT(3)
GLOBAL_UNCERTAINTY_ASSIGNED_CONTEXT((#5268))
GLOBAL_UNIT_ASSIGNED_CONTEXT((#5272,#5271,#5270))
REPRESENTATION_CONTEXT('Part 5','COMPONENT_PART')
);
#5258=(
GEOMETRIC_REPRESENTATION_CONTEXT(3)
GLOBAL_UNCERTAINTY_ASSIGNED_CONTEXT((#5269))
GLOBAL_UNIT_ASSIGNED_CONTEXT((#5272,#5271,#5270))
REPRESENTATION_CONTEXT('Step Motor Mount','COMPONENT_PART')
);
#5259=UNCERTAINTY_MEASURE_WITH_UNIT(LENGTH_MEASURE(1.E-8),#5272,
'DISTANCE_ACCURACY_VALUE','Maximum Tolerance applied to model');
#5260=UNCERTAINTY_MEASURE_WITH_UNIT(LENGTH_MEASURE(1.E-8),#5272,
'DISTANCE_ACCURACY_VALUE','Maximum Tolerance applied to model');
#5261=UNCERTAINTY_MEASURE_WITH_UNIT(LENGTH_MEASURE(1.E-8),#5272,
'DISTANCE_ACCURACY_VALUE','Maximum Tolerance applied to model');
#5262=UNCERTAINTY_MEASURE_WITH_UNIT(LENGTH_MEASURE(1.E-8),#5272,
'DISTANCE_ACCURACY_VALUE','Maximum Tolerance applied to model');
#5263=UNCERTAINTY_MEASURE_WITH_UNIT(LENGTH_MEASURE(1.E-8),#5272,
'DISTANCE_ACCURACY_VALUE','Maximum Tolerance applied to model');
#5264=UNCERTAINTY_MEASURE_WITH_UNIT(LENGTH_MEASURE(1.E-8),#5272,
'DISTANCE_ACCURACY_VALUE','Maximum Tolerance applied to model');
#5265=UNCERTAINTY_MEASURE_WITH_UNIT(LENGTH_MEASURE(1.E-8),#5272,
'DISTANCE_ACCURACY_VALUE','Maximum Tolerance applied to model');
#5266=UNCERTAINTY_MEASURE_WITH_UNIT(LENGTH_MEASURE(1.E-8),#5272,
'DISTANCE_ACCURACY_VALUE','Maximum Tolerance applied to model');
#5267=UNCERTAINTY_MEASURE_WITH_UNIT(LENGTH_MEASURE(1.E-8),#5272,
'DISTANCE_ACCURACY_VALUE','Maximum Tolerance applied to model');
#5268=UNCERTAINTY_MEASURE_WITH_UNIT(LENGTH_MEASURE(1.E-8),#5272,
'DISTANCE_ACCURACY_VALUE','Maximum Tolerance applied to model');
#5269=UNCERTAINTY_MEASURE_WITH_UNIT(LENGTH_MEASURE(1.E-8),#5272,
'DISTANCE_ACCURACY_VALUE','Maximum Tolerance applied to model');
#5270=(
NAMED_UNIT(*)
SI_UNIT($,.STERADIAN.)
SOLID_ANGLE_UNIT()
);
#5271=(
NAMED_UNIT(*)
PLANE_ANGLE_UNIT()
SI_UNIT($,.RADIAN.)
);
#5272=(
LENGTH_UNIT()
NAMED_UNIT(*)
SI_UNIT($,.METRE.)
);
#5273=PRODUCT_DEFINITION_SHAPE('','',#5294);
#5274=PRODUCT_DEFINITION_SHAPE('','',#5295);
#5275=PRODUCT_DEFINITION_SHAPE(' ','NAUO PRDDFN',#24);
#5276=PRODUCT_DEFINITION_SHAPE('','',#5296);
#5277=PRODUCT_DEFINITION_SHAPE(' ','NAUO PRDDFN',#25);
#5278=PRODUCT_DEFINITION_SHAPE('','',#5297);
#5279=PRODUCT_DEFINITION_SHAPE(' ','NAUO PRDDFN',#26);
#5280=PRODUCT_DEFINITION_SHAPE('','',#5298);
#5281=PRODUCT_DEFINITION_SHAPE(' ','NAUO PRDDFN',#27);
#5282=PRODUCT_DEFINITION_SHAPE('','',#5299);
#5283=PRODUCT_DEFINITION_SHAPE(' ','NAUO PRDDFN',#28);
#5284=PRODUCT_DEFINITION_SHAPE('','',#5300);
#5285=PRODUCT_DEFINITION_SHAPE(' ','NAUO PRDDFN',#29);
#5286=PRODUCT_DEFINITION_SHAPE('','',#5301);
#5287=PRODUCT_DEFINITION_SHAPE(' ','NAUO PRDDFN',#30);
#5288=PRODUCT_DEFINITION_SHAPE('','',#5302);
#5289=PRODUCT_DEFINITION_SHAPE(' ','NAUO PRDDFN',#31);
#5290=PRODUCT_DEFINITION_SHAPE('','',#5303);
#5291=PRODUCT_DEFINITION_SHAPE(' ','NAUO PRDDFN',#32);
#5292=PRODUCT_DEFINITION_SHAPE('','',#5304);
#5293=PRODUCT_DEFINITION_SHAPE(' ','NAUO PRDDFN',#33);
#5294=PRODUCT_DEFINITION('','',#5316,#5305);
#5295=PRODUCT_DEFINITION('','',#5317,#5306);
#5296=PRODUCT_DEFINITION('','',#5318,#5307);
#5297=PRODUCT_DEFINITION('','',#5319,#5308);
#5298=PRODUCT_DEFINITION('','',#5320,#5309);
#5299=PRODUCT_DEFINITION('','',#5321,#5310);
#5300=PRODUCT_DEFINITION('','',#5322,#5311);
#5301=PRODUCT_DEFINITION('','',#5323,#5312);
#5302=PRODUCT_DEFINITION('','',#5324,#5313);
#5303=PRODUCT_DEFINITION('','',#5325,#5314);
#5304=PRODUCT_DEFINITION('','',#5326,#5315);
#5305=PRODUCT_DEFINITION_CONTEXT('',#5372,'design');
#5306=PRODUCT_DEFINITION_CONTEXT('',#5372,'design');
#5307=PRODUCT_DEFINITION_CONTEXT('',#5372,'design');
#5308=PRODUCT_DEFINITION_CONTEXT('',#5372,'design');
#5309=PRODUCT_DEFINITION_CONTEXT('',#5372,'design');
#5310=PRODUCT_DEFINITION_CONTEXT('',#5372,'design');
#5311=PRODUCT_DEFINITION_CONTEXT('',#5372,'design');
#5312=PRODUCT_DEFINITION_CONTEXT('',#5372,'design');
#5313=PRODUCT_DEFINITION_CONTEXT('',#5372,'design');
#5314=PRODUCT_DEFINITION_CONTEXT('',#5372,'design');
#5315=PRODUCT_DEFINITION_CONTEXT('',#5372,'design');
#5316=PRODUCT_DEFINITION_FORMATION_WITH_SPECIFIED_SOURCE('','',#5338,
 .NOT_KNOWN.);
#5317=PRODUCT_DEFINITION_FORMATION_WITH_SPECIFIED_SOURCE('','',#5339,
 .NOT_KNOWN.);
#5318=PRODUCT_DEFINITION_FORMATION_WITH_SPECIFIED_SOURCE('','',#5340,
 .NOT_KNOWN.);
#5319=PRODUCT_DEFINITION_FORMATION_WITH_SPECIFIED_SOURCE('','',#5341,
 .NOT_KNOWN.);
#5320=PRODUCT_DEFINITION_FORMATION_WITH_SPECIFIED_SOURCE('','',#5342,
 .NOT_KNOWN.);
#5321=PRODUCT_DEFINITION_FORMATION_WITH_SPECIFIED_SOURCE('','',#5343,
 .NOT_KNOWN.);
#5322=PRODUCT_DEFINITION_FORMATION_WITH_SPECIFIED_SOURCE('','',#5344,
 .NOT_KNOWN.);
#5323=PRODUCT_DEFINITION_FORMATION_WITH_SPECIFIED_SOURCE('','',#5345,
 .NOT_KNOWN.);
#5324=PRODUCT_DEFINITION_FORMATION_WITH_SPECIFIED_SOURCE('','',#5346,
 .NOT_KNOWN.);
#5325=PRODUCT_DEFINITION_FORMATION_WITH_SPECIFIED_SOURCE('','',#5347,
 .NOT_KNOWN.);
#5326=PRODUCT_DEFINITION_FORMATION_WITH_SPECIFIED_SOURCE('','',#5348,
 .NOT_KNOWN.);
#5327=PRODUCT_RELATED_PRODUCT_CATEGORY('','',(#5338));
#5328=PRODUCT_RELATED_PRODUCT_CATEGORY('','',(#5339));
#5329=PRODUCT_RELATED_PRODUCT_CATEGORY('','',(#5340));
#5330=PRODUCT_RELATED_PRODUCT_CATEGORY('','',(#5341));
#5331=PRODUCT_RELATED_PRODUCT_CATEGORY('','',(#5342));
#5332=PRODUCT_RELATED_PRODUCT_CATEGORY('','',(#5343));
#5333=PRODUCT_RELATED_PRODUCT_CATEGORY('','',(#5344));
#5334=PRODUCT_RELATED_PRODUCT_CATEGORY('','',(#5345));
#5335=PRODUCT_RELATED_PRODUCT_CATEGORY('','',(#5346));
#5336=PRODUCT_RELATED_PRODUCT_CATEGORY('','',(#5347));
#5337=PRODUCT_RELATED_PRODUCT_CATEGORY('','',(#5348));
#5338=PRODUCT('Assembly 1','Assembly 1','Assembly 1',(#5360));
#5339=PRODUCT('Motor Shaft','Motor Shaft','Motor Shaft',(#5361));
#5340=PRODUCT('Part 1','Part 1','Part 1',(#5362));
#5341=PRODUCT('Part 4','Part 4','Part 4',(#5363));
#5342=PRODUCT('Chassis','Chassis','Chassis',(#5364));
#5343=PRODUCT('Part 2','Part 2','Part 2',(#5365));
#5344=PRODUCT('Motor Body','Motor Body','Motor Body',(#5366));
#5345=PRODUCT('Part 6','Part 6','Part 6',(#5367));
#5346=PRODUCT('Part 3','Part 3','Part 3',(#5368));
#5347=PRODUCT('Part 5','Part 5','Part 5',(#5369));
#5348=PRODUCT('Step Motor Mount','Step Motor Mount','Step Motor Mount',
(#5370));
#5349=PRODUCT_CATEGORY('','');
#5350=PRODUCT_CATEGORY('','');
#5351=PRODUCT_CATEGORY('','');
#5352=PRODUCT_CATEGORY('','');
#5353=PRODUCT_CATEGORY('','');
#5354=PRODUCT_CATEGORY('','');
#5355=PRODUCT_CATEGORY('','');
#5356=PRODUCT_CATEGORY('','');
#5357=PRODUCT_CATEGORY('','');
#5358=PRODUCT_CATEGORY('','');
#5359=PRODUCT_CATEGORY('','');
#5360=PRODUCT_CONTEXT('',#5372,'mechanical');
#5361=PRODUCT_CONTEXT('',#5372,'mechanical');
#5362=PRODUCT_CONTEXT('',#5372,'mechanical');
#5363=PRODUCT_CONTEXT('',#5372,'mechanical');
#5364=PRODUCT_CONTEXT('',#5372,'mechanical');
#5365=PRODUCT_CONTEXT('',#5372,'mechanical');
#5366=PRODUCT_CONTEXT('',#5372,'mechanical');
#5367=PRODUCT_CONTEXT('',#5372,'mechanical');
#5368=PRODUCT_CONTEXT('',#5372,'mechanical');
#5369=PRODUCT_CONTEXT('',#5372,'mechanical');
#5370=PRODUCT_CONTEXT('',#5372,'mechanical');
#5371=APPLICATION_PROTOCOL_DEFINITION('international standard',
'ap242_managed_model_based_3d_engineering',2020,#5372);
#5372=APPLICATION_CONTEXT('managed model based 3d engineering');
ENDSEC;
END-ISO-10303-21;
